id,timestamp,acc_x,acc_y,acc_z,gyro_x,gyro_y,gyro_z
1,1747486268950,-0.17132819,0.28432667,0.9376679,0.7089335,0.8474179,-0.3339604
2,1747486268960,2.3424613,2.1433108,1.2476206,-2.0309267,3.1302795,0.15020229
3,1747486268970,2.39810645,2.4264171,1.3659884,-2.3819313500000003,1.51374074,2.079928895
4,1747486268980,2.64021135,2.9700546,1.6274958,-2.45090715,-0.31212248,4.078897749999999
5,1747486268990,3.4141169,3.5776353,1.8636211,-1.4514228,-0.9337043,4.2008705
6,1747486269000,4.9089675,4.484552,1.9095039,0.165116,-1.5451661,3.3023198
7,1747486269010,5.2543087,5.0061026,1.9043787,1.3432984,-1.3731259,2.2807312
8,1747486269020,5.3690157,5.421732,1.6974181,2.21575,-0.902279,1.500425
9,1747486269030,5.515938,5.4812818,1.3713577,2.8549087,-0.39787626,0.68869346
10,1747486269040,5.461513,4.9150686,0.75169635,3.3822145,0.032490566,-0.8479505
11,1747486269050,5.2884765,4.446479,0.4300289,3.1883366,-0.072970614,-1.3944311
12,1747486269060,5.213307,4.053547,0.2877435,2.7361317,-0.34301516,-1.9244002
13,1747486269070,5.1776743,3.6652515,0.24918245,2.0682108,-0.5049353,-2.4889903
14,1747486269080,5.1720614,3.333822,0.34460884,1.2985574,-0.37923414,-3.0663638
15,1747486269090,4.9992685,2.5716312,0.53058046,-0.47564057,0.81226414,-4.424043
16,1747486269100,4.7029834,2.1855328,0.8005078,-0.9550096,1.3448963,-4.9044776
17,1747486269110,4.3388495,1.8235958,1.1492655,-1.0444918,1.6085494,-5.232579
18,1747486269120,4.0108366,1.4885051,1.5065655,-0.7259777,1.546764,-5.44723
19,1747486269130,3.704057,1.2080834,1.7703912,-0.11132014,1.2293152,-5.6043563
20,1747486269140,3.069752,0.76926845,1.9544104,1.383246,0.41598576,-5.7066216
21,1747486269150,2.8447313,0.6472398,1.9470887,2.1236048,0.13901702,-5.670935
22,1747486269160,2.698785,0.5530337,1.8580079,2.799515,-0.035153728,-5.6517606
23,1747486269170,2.552595,0.47786412,1.6957097,3.438141,-0.08628642,-5.6459017
24,1747486269180,2.2753458,0.41221267,1.2134526,3.7049897,-0.00958738,-5.632586
25,1747486269190,2.233368,0.38268176,1.0887394,3.7747645,0.2130529,-5.7375145
26,1747486269200,2.1909018,0.33899552,1.0653099,3.804592,0.2727077,-5.897304
27,1747486269210,2.097428,0.24869433,1.0780008,3.921771,0.27377295,-6.0762687
28,1747486269220,2.0393424,0.09225364,1.0862988,4.1225734,0.20399815,-6.2547
29,1747486269230,2.0051744,-0.051252022,1.090936,4.40114,0.016511599,-6.4672203
30,1747486269240,1.8350664,-0.36144876,0.9596331,4.920989,-0.53263223,-6.7942567
31,1747486269250,1.7801535,-0.4915313,0.8949579,5.113802,-0.9470201,-6.92848
32,1747486269260,1.6842391,-0.58207655,0.8471227,5.1990232,-1.2969595,-6.9785476
33,1747486269270,1.6320108,-0.6406503,0.780251,5.1889033,-1.6207999,-6.961503
34,1747486269280,1.7108413,-0.6347929,0.5952556,4.7468185,-1.9723371,-6.862966
35,1747486269290,1.7811297,-0.5874458,0.5103237,4.326039,-1.9483687,-6.8405957
36,1747486269300,1.8296971,-0.5515694,0.4385709,3.797135,-1.7550232,-6.800648
37,1747486269310,1.86118055,-0.5486407,0.429418735,3.5049863500000003,-1.6029567,-6.7817395000000005
38,1747486269320,1.8765563,-0.5786598,0.7397375,2.3222766,-1.026915,-6.7063723
39,1747486269330,1.8140775,-0.61624455,1.0562798,2.2887206,-1.1169298,-6.6195536
40,1747486269340,1.6913167,-0.61844105,1.334505,2.5379925,-1.2665994,-6.4746776
41,1747486269350,1.619808,-0.63918597,1.4572659,2.9087045,-1.4247912,-6.278669
42,1747486269360,1.5783182,-0.6491923,1.4989996,3.3257556,-1.5430355,-6.073605
43,1747486269370,1.5243815,-0.6203935,1.329868,4.0037966,-1.5643408,-5.717807
44,1747486269380,1.55220405,-0.6125837000000001,1.2428616,4.0874198,-1.5486282,-5.65975
45,1747486269390,1.6449459,-0.6033095,0.9693954,4.186489,-1.4807175,-5.5564194
46,1747486269400,1.654708,-0.62478656,0.81271064,4.051201,-1.3944311,-5.50795
47,1747486269410,1.7298778,-0.6962953,0.6665203,3.50472,-1.1936288,-5.30768
48,1747486269420,1.7298778,-0.6962953,0.6665203,3.50472,-1.1936288,-5.30768
49,1747486269430,1.5087619,-0.6133158,0.626495,3.1313448,-1.2506205,-5.109541
50,1747486269440,1.3493925,-0.5962319,0.58256465,2.99073,-1.4386396,-4.9220543
51,1747486269450,1.210768,-0.5872018,0.5195979,2.8325381,-1.603223,-4.721252
52,1747486269460,0.91497064,-0.68604493,0.5708499,2.5363946,-1.3113406,-4.4176517
53,1747486269470,0.8308929199999999,-0.7369308649999999,0.630888,2.54305255,-1.09242873,-4.31964735
54,1747486269480,0.61795297,-0.84382795,0.752794575,2.6367958500000004,-0.67963873,-4.12363865
55,1747486269490,0.15839316,-0.9964857,0.90447617,3.129747,-0.19014971,-3.73535
56,1747486269500,-0.17328064,-1.1363305,0.9798898,3.5718317,-0.18855181,-3.3987262
57,1747486269510,-0.56743306,-1.2632403,0.8771418,4.5540056,-0.680704,-2.5662222
58,1747486269520,-0.58378494,-1.3264512,0.66066295,4.924185,-1.1739215,-2.2343922
59,1747486269530,-0.65834445,-1.40040055,0.344852881,5.0088735,-1.4580808,-2.09138045
60,1747486269540,-0.73290396,-1.4743499,0.029042812,5.0205913,-2.1907163,-1.7560885
61,1747486269550,-0.7324158,-1.7242645,-0.7438865,4.7244477,-2.442119,-1.7864485
62,1747486269560,-0.93010217,-1.9304928,-1.2061309,3.1574438,-2.137453,-2.201369
63,1747486269570,-1.2610438,-2.024699,-1.5871042,1.3049489,-1.5025555,-2.3036344
64,1747486269580,-1.6520236,-2.0312884,-1.5695322,-0.21944448,-0.8085357,-2.160889
65,1747486269590,-1.8045594,-2.1762586,-1.3542737,-1.4988271,-0.077231675,-1.9062908
66,1747486269600,-2.0473962,-2.6165376,-0.8788501,-3.4067156,0.9582054,-1.6644757
67,1747486269610,-2.2787626,-2.856446,-0.54668826,-3.730556,1.2644689,-1.4679344
68,1747486269620,-2.4691272,-3.0990388,-0.24576566,-3.652259,1.1574098,-1.2543489
69,1747486269630,-2.6336217,-3.2630453,-0.11031388,-3.31244,0.7957525,-1.0402308
70,1747486269640,-2.847416,-3.3894668,-0.17132819,-2.9555762,0.4607269,-0.77391464
71,1747486269650,-3.163958,-3.5337048,-0.39586085,-2.731338,0.11451593,0.24767399
72,1747486269660,-3.2200913,-3.551521,-0.4407674,-2.8138962,0.27324033,0.98110855
73,1747486269670,-3.138088,-3.5236988,-0.40489095,-2.8858013,0.60933125,1.8221349
74,1747486269680,-2.9989755,-3.40167,-0.2936009,-2.845854,1.0647318,2.7675571
75,1747486269690,-2.1813836,-3.006053,-0.4024504,-2.6935213,1.6218652,4.4251084
76,1747486269700,-2.1813836,-3.006053,-0.4024504,-2.7185550000000003,1.6218652,4.71699095
77,1747486269710,-0.9205839,-2.554059,-0.6374775,-2.906574,1.5638082,5.4040866
78,1747486269720,-0.36755022,-2.323913,-0.6919023,-3.1872714,1.4476944,5.6464343
79,1747486269730,0.084687866,-2.1345246,-0.6728658,-3.5547874,1.2767195,5.813148
80,1747486269740,0.8080735,-1.7799095,-0.27480847,-4.225904,0.6412892,6.132195
81,1747486269750,1.0538392,-1.6320108,0.0034168016,-4.250938,0.31798145,6.2717443
82,1747486269760,1.2566508,-1.5231613,0.20940112,-4.1689124,0.08681905,6.437393
83,1747486269770,1.4174845,-1.4035733,0.38463423,-4.043744,-0.01438107,6.6073027
84,1747486269780,1.679846,-1.2769076,0.7826916,-3.8615837,-0.0053263223,6.748983
85,1747486269790,1.7454975,-1.270562,0.92912596,-3.03893315,-0.0327568835,6.9636338
86,1747486269800,1.8792408,-1.2471325,1.0313859,-2.8373318,-0.09267801,6.9918633
87,1747486269810,1.9900427,-1.1697664,1.0196712,-2.4804683,-0.24554345,7.0099726
88,1747486269820,2.156978,-1.10802,0.9628058,-2.2301311,-0.42024684,6.9918633
89,1747486269830,2.6543665,-0.84858704,0.77024466,-2.431466,-0.55606806,6.5593657
90,1747486269840,2.72026205,-0.7177724,0.81746977,-2.769155,-0.5086638,6.3244753
91,1747486269850,2.7258754,-0.694831,0.86103404,-3.1451933,-0.33981937,6.157761
92,1747486269860,2.7141607,-0.70459324,1.0474937,-3.4557178,-0.043675844,5.9963737
93,1747486269870,2.677552,-0.74242216,1.2488409,-3.6309538,0.2876214,5.830725
94,1747486269880,2.4779134,-0.7997756,1.517304,-3.6645098,0.5752428,5.655489
95,1747486269890,2.3124423,-0.81685966,1.5407335,-3.3651705,1.1408982,5.3284526
96,1747486269900,2.2160398,-0.8160054299999999,1.52609005,-3.26849775,1.20241725,5.2741241500000005
97,1747486269910,1.9785721,-0.8278422,1.4179726,-2.9896648,1.3044163,5.1159325
98,1747486269920,1.824816,-0.85224795,1.283497,-2.8655615,1.2863069,5.0450926
99,1747486269930,1.52609,-0.90447617,1.0760484,-2.7883296,1.2351742,5.0355053
100,1747486269940,1.4143118,-0.921072,0.9471862,-2.6876621,1.0231866,5.215002
101,1747486269950,1.4343245,-0.95719254,0.8151512,-2.7260118,0.8873653,5.310876
102,1747486269960,1.4399377,-0.9696394,0.68336034,-2.8575718,0.7866978,5.3652043
103,1747486269970,1.4281009999999998,-0.99294685,0.62112572,-2.9792783,0.74941355,5.414206500000001
104,1747486269980,1.427979,-1.0706791,0.5017817,-3.5063179,0.6263755,5.65975
105,1747486269990,1.5287746,-1.1231514,0.6274712,-4.036287,0.57417756,6.0022326
106,1747486270000,1.6263975,-1.073852,0.7890371,-4.153466,0.51665324,6.1726747
107,1747486270010,1.8807051,-1.0733638,0.9637821,-4.137487,0.41225734,6.308496
108,1747486270020,2.4859672,-0.7128912,1.172451,-3.92763,0.29134983,6.2861257
109,1747486270030,2.6306932,-0.46224442,1.07434,-3.377421,-0.08948222,5.877064
110,1747486270040,2.7256315,-0.21403822,0.93522733,-3.277286,-0.42397526,5.5564194
111,1747486270050,2.6575394,0.011470691,0.8561529,-3.293265,-0.737163,5.248558
112,1747486270060,2.4998784,0.22502078,0.8293065,-3.4163032,-0.89375687,5.011004
113,1747486270070,2.3993268,0.51544887,0.6386978,-4.063984,-0.42717105,4.844823
114,1747486270080,2.5528388,0.6325964,0.58036816,-4.689827,0.0026631611,4.8203216
115,1747486270090,2.600186,0.7475473,0.53765815,-5.511678,0.45593318,4.7382965
116,1747486270100,2.4864552,0.954996,0.7797629,-6.326073,0.64395237,4.7063384
117,1747486270110,2.3773615,1.2571388,1.2647047,-6.8001156,0.4314321,4.7244477
118,1747486270120,3.1022117,1.8997418,2.541124,-6.056561,-1.1371698,4.7004795
119,1747486270130,3.837068,2.314639,3.0133748,-4.5066013,-2.560363,4.24934
120,1747486270140,4.1455565,2.67218285,3.17616105,-3.77449835,-3.0272152,3.9883501
121,1747486270150,4.7764444,3.6806273,3.3528585,-1.6836505,-3.8690405,3.2288165
122,1747486270160,5.22673,4.111388,2.779568,-0.23276028,-2.8522456,2.1891184
123,1747486270170,5.1737695,4.262704,2.570167,-0.026631612,-1.9808593,1.8775285
124,1747486270180,5.2203846,4.3683805,2.5294094,0.12357068,-1.3768543,1.6729978
125,1747486270190,5.4055021,4.3748481,2.5311178,0.20399815,-1.26846365,1.49776185
126,1747486270200,5.9144833000000006,4.3334806,2.5730956000000003,0.373907835,-1.1880362,0.932639085
127,1747486270210,6.547568,3.7809348,2.617514,0.67484504,-0.44421527,-2.149171
128,1747486270220,6.22773085,3.52235615,2.59335235,0.63276707,0.074568515,-2.5776736
129,1747486270230,5.9078937,3.2637775,2.5691907,0.5906891,0.5933523,-3.0061762
130,1747486270240,5.33716585,2.74003065,2.5078102,0.5811017350000001,1.6559536499999998,-3.5076496
131,1747486270250,3.6615908,1.4099188,2.3593016,0.78776306,3.3827472,-4.2797
132,1747486270260,3.341632,1.1907552,2.3456342,1.9462382,3.3001893,-4.3894224
133,1747486270270,3.341632,1.1907552,2.3456342,1.9462382,3.3001893,-4.3894224
134,1747486270280,3.073657,0.94352525,2.1469717,3.6458676,1.7012273,-4.55081
135,1747486270290,3.02594385,0.8923952749999999,2.01810945,3.9750343,1.32971635,-4.640824650000001
136,1747486270300,2.7395427,0.7004443,1.3525653,4.922587,0.030360037,-5.2070127
137,1747486270310,2.7043984,0.6374775,1.1485333,4.8352356,-0.07084008,-5.4637413
138,1747486270320,2.6250796,0.60867876,1.0208915,4.6429553,-0.002130529,-5.726329
139,1747486270330,2.4781573,0.58036816,0.9408407,4.41126,0.14966966,-5.9617524
140,1747486270340,2.3551524,0.46736962,0.9344952,4.21898,0.31158987,-6.170544
141,1747486270350,2.1511204,0.17547716,1.2134526,4.4048686,0.40852892,-6.5993133
142,1747486270360,2.085225,0.020012695,1.2815446,4.7771783,0.2828277,-6.7308736
143,1747486270370,2.101333,-0.153512,1.2722704,5.3039517,-0.047404267,-6.8975873
144,1747486270380,2.1290335,-0.2463757999999999,1.21601525,5.48744335,-0.2167813235,-6.9852054
145,1747486270390,2.1623473,-0.57377857,0.82125264,5.9750686,-1.1435614,-7.4259586
146,1747486270400,2.1772346,-0.6238103,0.66896087,5.8605523,-1.5717977,-7.529822
147,1747486270410,2.2028608,-0.6555378,0.55864704,5.5883775,-1.917476,-7.6299567
148,1747486270420,2.2216532,-0.67018116,0.4937278,5.221926,-2.1022995,-7.6981335
149,1747486270430,2.1970034,-0.68311626,0.460536,4.7947555,-2.120409,-7.692807
150,1747486270440,2.2658274,-0.6574902,0.46590528,3.8594532,-1.8189391,-7.559649
151,1747486270450,2.2389812,-0.6372335,0.47835222,3.3550503,-1.5925703,-7.4781566
152,1747486270460,2.1386735,-0.64016217,0.4588276,2.9656963,-1.4615428,-7.3684344
153,1747486270470,2.0722902,-0.6433349,0.5039782,2.6338663,-1.4098775,-7.2097096
154,1747486270480,2.050569,-0.6160005,0.5847612,2.4218788,-1.4136059,-7.0350065
155,1747486270490,2.2455707,-0.60135704,0.7399816,2.2162827,-2.05436245,-6.88720115
156,1747486270500,2.281203,-0.60916686,0.8712844,2.2301311,-2.2626216,-6.885337
157,1747486270510,2.2541127,-0.63381666,0.94352525,2.2919164,-2.674879,-6.8075724
158,1747486270520,2.2362967,-0.66798466,0.97403246,2.3185482,-2.9395974,-6.656305
159,1747486270530,2.250452,-0.7145996,0.9283937,2.2977755,-2.9582393,-6.4544373
160,1747486270540,2.2321477,-0.67677075,0.83784854,2.0788636,-1.9302592,-6.1455107
161,1747486270550,2.1286674,-0.64357895,0.750232,1.9259981,-1.3944311,-6.0949106
162,1747486270560,1.9822329,-0.6233222,0.6889736,1.794438,-1.0306433,-6.027799
163,1747486270570,1.8211553,-0.6252747,0.64235866,1.7172064,-0.84155893,-5.925534
164,1747486270580,1.5335338,-0.7546250299999999,0.6368673650000001,1.6777915,-0.9720538,-5.6331186
165,1747486270590,1.50022,-0.8000197,0.6706693,1.7475663,-1.1132014,-5.5138087
166,1747486270600,1.3423148,-0.90447617,0.83809257,2.011752,-1.1899004,-5.4174023
167,1747486270610,1.1175382,-1.0033194,0.96573454,2.6184201,-1.257012,-5.2000885
168,1747486270620,0.96182965,-1.0636015,0.99087247,2.8991172,-1.2868394,-5.06426725
169,1747486270630,0.5359497,-1.2417632,1.0172306,3.7790256,-1.3603427,-4.561995
170,1747486270640,0.07492557,-1.4489679,0.6465077,4.6781087,-1.1664646,-3.862649
171,1747486270650,-0.047347106,-1.564407,0.2962855,4.902347,-0.91452956,-3.5313516
172,1747486270660,-0.04905551,-1.8035831,-0.417826,4.670652,-0.9108011,-3.3214946
173,1747486270670,0.04087958,-1.8072439,-0.73473435,4.257861999999999,-1.07032445,-3.4016557
174,1747486270680,-0.0546688199999999,-1.79491895,-1.40198685,1.0724550199999998,-1.78192115,-4.0506680500000005
175,1747486270690,-0.27773714,-1.9109682,-1.3869773,-0.47351006,-1.9036276,-4.2290998
176,1747486270700,-0.5959878,-2.305853,-1.0950848,-1.6383767,-1.4476944,-4.156662
177,1747486270710,-0.8124665499999999,-2.5000004,-0.8793382,-2.04131305,-1.105211875,-4.0746366
178,1747486270720,-1.5939379,-3.1263733,-0.31556603,-2.8916605,-0.16405073,-3.7614489
179,1747486270730,-3.0292385,-3.9490902,0.2238005,-2.9230857,0.05752428,-2.722816
180,1747486270740,-3.5075908,-4.080637,0.30409533,-2.6738138,-0.1933455,-1.7182716
181,1747486270750,-3.556402,-4.186314,0.26406994,-2.514024,-0.4048005,-0.8357
182,1747486270760,-3.55689025,-4.2196278,0.225752955,-2.5068335,-0.37444046,-0.49268483
183,1747486270770,-3.6225417,-4.2570906,0.27383223,-2.69432015,0.01757686,0.58083547
184,1747486270780,-3.6027732,-4.22243455,0.372675405,-2.9073730500000003,0.56219332,1.70335795
185,1747486270790,-3.405087,-4.0213313,0.7324158,-2.6881948,1.0487529,2.912433
186,1747486270800,-3.1048963,-3.7782502,0.88275504,-2.2024343,1.310808,3.7167077
187,1747486270810,-2.1601508,-3.1532197,0.60086894,-1.6591494,1.5387745,4.5050035
188,1747486270820,-1.88448805,-2.99958565,0.47139658,-1.28018155,1.67006835,5.161206249999999
189,1747486270830,-1.0113733,-2.5811496,0.073949344,-0.7909589,1.929194,6.262157
190,1747486270840,-0.4080637,-2.3170795,-0.16498269,-0.8586032,2.0639498,6.544452
191,1747486270850,0.12007617,-2.0586228,-0.35168648,-1.1531488,2.1363878,6.71809
192,1747486270860,0.9706156,-1.6342072,-0.44857723,-1.8322549,1.8748654,6.869358
193,1747486270870,1.275199,-1.5163277,-0.36852646,-2.1406488,1.635181,6.9844065
194,1747486270880,1.5041249,-1.432616,-0.22746135,-2.390986,1.4594123,7.155914
195,1747486270890,1.59698855,-1.4063799,-0.16547081,-2.5070999,1.4314491,7.259244499999999
196,1747486270900,1.8872948,-1.3994243,0.045638707,-2.8527782,1.4322481,7.605988
197,1747486270910,2.2519162,-1.3938109,0.5718261,-2.9465215,1.4082797,7.8525968
198,1747486270920,2.3671112,-1.3659884,0.95694846,-2.5795379,1.2314457,7.8318243
199,1747486270930,2.4283698,-1.3508569,1.3201057,-1.6591494,0.89801794,7.7327547
200,1747486270940,2.5943284,-1.3323085,1.5487872,-0.68389976,0.5049353,7.5697694
201,1747486270950,2.8242304,-1.2939916,1.5331676,0.28815404,0.10279802,7.2853436
202,1747486270960,2.980427,-1.1143653,0.87274873,1.2495552,-0.13475595,6.751646
203,1747486270970,2.9272225,-0.9364477,0.36681804,0.8628642,0.25300032,6.672284
204,1747486270980,2.9335682,-0.7468152,-0.06443111,-0.07829694,0.93636745,6.654707
205,1747486270990,2.9406458,-0.69068202,-0.172670505,-0.72437987,1.388305875,6.62195015
206,1747486271000,2.7827406,-0.6787232,0.09274176,-2.7830033,2.7622306,6.426208
207,1747486271010,2.4949973,-0.7582859,0.6474839,-4.6189866,3.674097,5.9068913
208,1747486271020,2.238493,-0.8102701,1.0814177,-4.5811696,3.4493263,5.77906
209,1747486271030,2.0744865,-0.8195442,1.4274908,-4.1023335,2.9001825,5.7012954
210,1747486271040,2.0200617,-0.78586435,1.6383562,-3.3246903,2.160889,5.610748
211,1747486271050,2.0554502,-0.8463905,1.4060138,-1.8524948,0.98803276,5.3721285
212,1747486271060,2.02055,-0.87299275,1.1416998,-1.5180018,0.7909589,5.290636
213,1747486271070,1.939767,-0.8712844,0.88031447,-1.4578145,0.8293084,5.2453623
214,1747486271080,1.8682582,-0.89032084,0.647972,-1.6463662,0.99548966,5.2368402
215,1747486271090,1.7574562,-0.86201024,0.37487194,-2.137453,1.3086774,5.238438
216,1747486271100,1.7454975,-0.9091133,0.38707477,-3.097789,1.7454358,5.2778525
217,1747486271110,1.7730759,-0.98330665,0.4595598,-3.487676,1.7401094,5.247493
218,1747486271120,1.7293897,-1.0801975,0.56548065,-3.7838194,1.6463662,5.25708
219,1747486271130,1.6232247,-1.1961246,0.68409246,-4.012851,1.4460965,5.3433666
220,1747486271140,1.6578810000000002,-1.2330993,0.925098975,-4.2093925,1.128115,5.577192
221,1747486271150,1.8018748,-1.1695224,1.0199152,-4.4730453,0.8266452,6.623282
222,1747486271160,2.536243,-1.03163,0.98794377,-4.5854306,1.0120013,6.915164
223,1747486271170,3.376776,-0.73607665,0.9535317,-4.648814,1.0929613,6.522082
224,1747486271180,3.9954612,-0.27261195,1.0186949,-4.499677,0.78296936,5.711948
225,1747486271190,3.7711725,0.22672918,1.4067459,-3.5894086,-0.58696073,4.275439
226,1747486271200,3.2225318,0.38927132,1.4145558,-3.080212,-1.149953,4.138552
227,1747486271210,2.8703573,0.49128726,1.2488409,-2.8101676,-1.3140037,4.337224
228,1747486271220,2.91367745,0.5798800150000001,1.0953289,-2.8354676000000003,-1.2644689,4.4472127
229,1747486271230,3.0836632,1.0267489,0.65041256,-3.2810144,-0.9757822,4.673315
230,1747486271240,3.2300978,1.649339,0.6045298,-4.791027,-0.45859635,5.4014235
231,1747486271250,3.7631185,1.9968764,1.1104605,-5.3241916,-0.6514092,5.959622
232,1747486271260,4.3930306,2.5142777,1.6976621,-5.298093,-1.0492855,6.170544
233,1747486271270,5.3853674,3.2300978,2.387368,-4.7739825,-1.5238608,5.7630806
234,1747486271280,6.2566514,4.079905,3.0326555,-3.7428067,-1.8855181,4.742025
235,1747486271290,6.385514,5.5017824,3.4578032,-1.0237192,-1.3667343,2.4607608
236,1747486271300,6.2610445,5.893494,3.432665,0.40852892,-0.6716492,1.4897723
237,1747486271310,6.532924,5.9135075,3.0934255,1.6740631,-0.054328486,0.37710363
238,1747486271320,6.7179193,5.646753,2.43862,2.4218788,0.41758367,-0.8878979
239,1747486271330,6.6173677,5.1947584,1.9976085,2.7238812,0.73822826,-2.0953753
240,1747486271340,6.085079,3.8895402,1.5273103,2.7041738,1.2937636,-4.237622
241,1747486271350,5.559136,3.2113054,1.3833165,2.4479778,1.6676716,-4.8485513
242,1747486271360,4.989262,2.5713873,1.2464004,2.1395836,2.0351877,-5.199556
243,1747486271370,4.4823556,2.0603313,1.0936205,1.8184065,2.269546,-5.3481603
244,1747486271380,3.67452595,1.22968235,0.95267745,1.34702685,1.7387779499999998,-5.40062455
245,1747486271390,3.5600631,1.1421878,0.9613415,1.3187973,1.5233282,-5.3998256
246,1747486271400,3.4707382,1.00576,1.014546,1.3699301,1.0567423,-5.4717307
247,1747486271410,3.4641485,0.8886124,1.0289453,1.4966966,0.6375608,-5.7401776
248,1747486271420,3.4543862,0.7397375,0.99038434,1.5622103,0.5901565,-6.0672135
249,1747486271430,2.8881736,0.5605995,1.0855666,1.6852484,0.92944324,-6.4357953
250,1747486271440,2.8881736,0.5605995,1.0855666,1.6852484,0.92944324,-6.4357953
251,1747486271450,2.5176947,0.37975308,1.2188219,2.0154803,1.27885,-6.45497
252,1747486271460,2.48645535,0.33740915,1.2514035,2.1680795,1.33291215,-6.485063500000001
253,1747486271470,2.4403285,0.24723,1.26848755,2.6738138,1.4546186,-6.620619
254,1747486271480,2.4496026000000004,-0.139966835,1.08190575,3.4610443,1.2772521,-6.95884
255,1747486271490,2.456192,-0.22477673,1.0357789,3.949468,0.928378,-7.226754
256,1747486271500,2.459609,-0.45052966,0.98403883,4.3276367,0.505468,-7.467504
257,1747486271510,2.323425,-0.7819594,0.8324793,4.6413574,0.025033714,-7.658186
258,1747486271520,2.2111588,-0.8749452,0.7280228,4.7233825,-0.721184,-7.7711043
259,1747486271530,2.1054819,-0.90740484,0.5950116,4.437359,-0.8319715,-7.650729
260,1747486271540,2.089374,-0.9174112,0.5188657,3.9840891,-0.763262,-7.450992
261,1747486271550,2.1511204,-0.916435,0.4742032,3.4503915,-0.50600064,-7.2608423
262,1747486271560,2.2690003,-0.8495633,0.5293602,2.4282703,0.06338324,-6.9524484
263,1747486271570,2.3444138,-0.8254016,0.63015586,1.969674,0.3339604,-6.848585
264,1747486271580,2.4491146,-0.81417495,0.74339837,1.7614148,0.44048685,-6.8310084
265,1747486271590,2.50646795,-0.814419,0.815517285,1.74277265,0.41065945,-6.8733525
266,1747486271600,2.5735836,-0.82198477,1.0921562,1.881257,0.14753912,-7.016897
267,1747486271610,2.464002,-0.9203399,1.2346857,2.4138892,-0.27377295,-6.8858695
268,1747486271620,2.4208038,-0.933519,1.2205303,2.6599653,-0.36005938,-6.737265
269,1747486271630,2.3888323,-0.9730562,1.1717188,2.8447888,-0.25672874,-6.536463
270,1747486271640,2.3505154,-1.0055158,1.0943527,2.9720879,0.04580637,-6.292517
271,1747486271650,2.3136628,-1.0199152,0.9952655,3.0535805,0.47137952,-6.0384517
272,1747486271660,2.310734,-0.9715919,0.7985553,3.057309,0.88843054,-5.970807
273,1747486271670,2.2952365,-0.97269017,0.77622407,3.086071,0.9155948,-6.118346
274,1747486271680,2.2027388,-0.96915135,0.74107984,3.1164311,0.8937569000000001,-6.19344725
275,1747486271690,1.8916878,-1.02992165,0.67335395,3.2256207,0.7819041,-6.388391
276,1747486271700,1.798946,-1.0631135,0.6548056,3.3023198,0.66525763,-6.480004
277,1747486271710,1.3274274,-1.1307173,0.8188121,3.6948698,0.2444782,-6.472547
278,1747486271720,1.1138773,-1.2034464,0.8871481,4.00859,0.08894958,-6.3095613
279,1747486271730,0.8139309,-1.2080834,0.94157284,4.494351,0.05006743,-5.9617524
280,1747486271740,0.6842145,-1.2196761500000002,0.92973607,4.69089225,0.082557995,-5.7657437
281,1747486271750,0.3099527,-1.3247427,0.6628595,5.22672,0.1454086,-5.241634
282,1747486271760,0.24283697,-1.3950312,0.43979117,5.6389775,0.060720075,-4.6994143
283,1747486271770,0.209401125,-1.4355447,0.30336316,5.646966900000001,0.0551274365,-4.6091330500000005
284,1747486271780,0.12642166,-1.5614783,0.025137896,5.7140784,-0.06924219,-4.3153863
285,1747486271790,0.0883487249999999,-1.67594115,-0.145336092,5.7044912,-0.287088745,-4.212322
286,1747486271800,-0.023673553,-1.9536783,-1.0799533,4.5918226,-1.7992316,-3.939348
287,1747486271810,-0.28432667,-2.0312884,-1.4157761,3.1244206,-2.2237396,-3.9409459
288,1747486271820,-0.5640163,-2.242398,-1.5844196,1.6500946,-2.0511668,-3.818973
289,1747486271830,-0.86298645,-2.532582,-1.6644703,0.039947417,-1.5488945,-3.6677055
290,1747486271840,-1.6429933,-3.2188709,-1.4767904,-1.5744609,-0.968858,-3.3609095
291,1747486271850,-2.0124962,-3.6684246,-1.21028,-4.2919507,-0.08681905,-2.3883228
292,1747486271860,-2.2794945,-3.9573882,-0.6760386,-4.961469,0.37337518,-1.7502295
293,1747486271870,-2.35722685,-4.05403485,-0.39378638,-4.9351038,0.52171326,-1.4197312000000002
294,1747486271880,-2.5308735,-4.272954,0.2626056,-4.2647862,0.6317018,-0.48629323
295,1747486271890,-2.6973207,-4.408162,0.15302388,-2.292449,-0.030360037,0.6412892
296,1747486271900,-2.8591306,-4.430127,-0.19963883,-1.7859159,-0.06338324,1.1845741
297,1747486271910,-2.9147757,-4.4322015,-0.377190465,-1.7172063,0.06364955,1.53477975
298,1747486271920,-3.0890326,-4.3930306,-0.8097819,-1.7502295,0.60933125,2.7851338
299,1747486271930,-3.1158788,-4.3368974,-0.92156017,-1.881257,0.9006811,3.882889
300,1747486271940,-2.3261096,-3.9456735,-0.8788501,-1.794438,0.8676579,6.0517673
301,1747486271950,-1.6810663,-3.6801393,-0.9269294,-1.6804547,0.8815063,6.815562
302,1747486271960,-1.6810663,-3.6801393,-0.9269294,-1.6804547,0.8815063,6.815562
303,1747486271970,-0.33020946,-3.0116665,-1.0902036,-1.7188042,0.82185155,7.556986
304,1747486271980,0.4829893,-2.4442334,-1.1231514,-1.959554,0.57364494,7.721037
305,1747486271990,0.8573731,-2.2389812,-0.99868226,-2.615757,-0.10013486,8.181231
306,1747486272000,1.2124764,-2.0869334,-0.8529801,-2.9710226,-0.34461305,8.417187
307,1747486272010,1.5456146,-2.0046864,-0.6801876,-3.341202,-0.49694586,8.654741
308,1747486272020,1.8772882,-1.9888225,-0.47127452,-3.7033918,-0.5571333,8.888567
309,1747486272030,2.3095136,-2.0513012,0.05418071,-4.2125883,-0.56459016,9.3652725
310,1747486272040,2.5386834,-2.0830286,0.3612047,-4.209925,-0.43888897,9.551161
311,1747486272050,2.7102559,-2.1333044,0.6653,-3.9212384,-0.33822146,9.725332
312,1747486272060,2.923806,-2.1799192,0.8844635,-3.503122,-0.45380265,9.812151
313,1747486272070,3.2886713,-2.131352,1.0135698,-2.9534457,-0.6961503,9.696569
314,1747486272080,3.5717778,-1.9929714,1.0721434,-2.3419838,-1.0615361,9.387111
315,1747486272090,3.560307,-1.5629426,0.88226694,-1.4977618,-1.5558188,9.015333
316,1747486272100,3.5395622,-1.3967396,0.7399816,-1.4295849,-1.4780544,8.978049
317,1747486272110,3.5495686,-1.3374337,0.6679847,-1.5158713,-1.38218065,8.964999500000001
318,1747486272120,3.6013088,-1.2539662,0.50495446,-1.9803267,-1.0178602,8.875251
319,1747486272130,3.5073469,-1.3371897,0.84883106,-2.5044367,-0.680704,8.662198
320,1747486272140,3.4813546,-1.37514055,0.95572818,-2.6754117,-0.7041398,8.388425
321,1747486272150,3.564456,-1.4213893,1.2366381,-2.7851338,-0.8165252,7.5750957
322,1747486272160,3.4590235,-1.2937474,1.3428029,-2.6317358,-0.75101143,6.8890653
323,1747486272170,3.30331495,-1.23065865,1.37867935,-2.545982,-0.669518715,6.58546495
324,1747486272180,2.6934156,-1.10802,1.4409139,-2.3726102,-0.469515315,6.0917148
325,1747486272190,2.1123154,-1.0841023,1.5395131,-1.7965685,-0.06924219,5.6171393
326,1747486272200,1.9395229,-1.1319375,1.5983309,-1.4892397,-0.061252706,5.6256614
327,1747486272210,1.8482454,-1.1883147,1.6381122,-1.2556804499999998,-0.040213733,5.7015617
328,1747486272220,1.9570951,-1.1563432,1.5551329,-0.20399815,0.21784659,6.091715
329,1747486272230,2.1394057,-1.0575,1.4169964,0.10013486,0.35899413,6.127934
330,1747486272240,2.3673553,-0.9623177,1.2693417,0.3552657,0.5475459,6.0602894
331,1747486272250,2.4910922,-0.7946504,1.1048472,0.5422196,0.64555025,5.8387146
332,1747486272260,2.4320304,-0.33777523,0.77073276,0.6897587,0.5107943,5.4967647
333,1747486272270,2.3270857,-0.20793676,0.5520575,0.6306366,0.1470065,4.8352356
334,1747486272280,2.2326357,-0.08786061,0.33875147,0.2972088,0.29933932,4.65201
335,1747486272290,2.1835802,0.07858644,0.14765464,-0.39574575,0.7259777,4.508199
336,1747486272300,2.4144583,0.39586085,-0.065163285,-1.0098706,1.1408982,4.396879
337,1747486272310,2.6180022,0.49616838,-0.18109047,-2.2397184,1.5590146,3.7992656
338,1747486272320,2.4735203,0.6384538,-0.16278619,-2.7883296,1.4205302,3.3955305
339,1747486272330,2.0915706,0.7919658,0.022209208,-3.1814122,1.2495552,3.268764
340,1747486272340,1.9492851,0.8642067,0.2809099,-3.389139,1.1068097,3.299124
341,1747486272350,2.0664327,1.0665302,1.0213796,-3.3401368,1.031176,3.3625073
342,1747486272360,2.1662521,1.3074148,1.3203497,-2.0836573,0.92305166,3.609116
343,1747486272370,2.3593016,1.6046765,1.4938743,-1.0519487,0.5901565,3.9244342
344,1747486272380,2.8786552,1.897789,1.3950312,0.10865697,0.050600063,4.3068643
345,1747486272390,3.768,2.3727245,1.1346222,1.2170646,-0.5496765,4.393151
346,1747486272400,5.0402703,3.671353,0.33094162,2.5630262,-1.4626081,3.4535873
347,1747486272410,5.2904286,4.4042573,-0.032703668,2.9001825,-1.2186625,2.7302728
348,1747486272420,5.3900046,4.9709578,-0.1244692,3.2389367,-0.8378305,1.9457055
349,1747486272430,5.5069075,5.229659,-0.16034561,3.7577205,-0.6583334,1.1675298
350,1747486272440,5.6931233,5.1825557,-0.33582276,4.3473444,-0.8064052,0.35100463
351,1747486272450,5.8983755,4.9350815,-0.6782351,4.7351003,-1.230913,-0.72278196
352,1747486272460,6.014547,4.155563,-1.5656272,3.5036547,-1.5084145,-2.390986
353,1747486272470,5.951336,3.98655325,-1.61956395,2.78380225,-1.40375225,-2.73373485
354,1747486272480,5.8605465,3.63755125,-1.63628185,1.21014038,-1.01200123,-3.39553045
355,1747486272490,5.857374,2.9655397,-1.3332847,-1.2825783,0.24181503,-4.3803673
356,1747486272500,5.296286,1.9722266,-0.03734076,-2.851713,2.1736722,-5.596367
357,1747486272510,4.890663,1.6212723,0.5405868,-2.6450517,2.4841967,-5.975601
358,1747486272520,4.56924,1.3249868,0.9269294,-1.9734024,2.3771377,-6.243515
359,1747486272530,4.298825,1.0716554,1.1353543,-0.85487473,1.8791265,-6.516755
360,1747486272540,3.782643,0.7250941,1.1036268,-0.017576864,1.4402375,-6.6760125
361,1747486272550,3.5337048,0.5605995,1.0296775,1.1973573,0.90014845,-6.778278
362,1747486272560,3.2840343,0.43417785,0.9686632,1.6117451,0.8628642,-6.720221
363,1747486272570,3.055841,0.3526627,0.90081537,1.9494339,0.88949585,-6.633402
364,1747486272580,2.8996441,0.25528386,0.87860614,2.2125542,0.8724516,-6.543387
365,1747486272590,2.5767562,0.10421244,1.1607363,2.8900626,0.3392867,-6.570019
366,1747486272600,2.4791336,-0.0024405725,1.3691611,3.6442697,-0.20772657,-6.7255473
367,1747486272610,2.43861995,-0.06516328625,1.4209013,3.99687235,-0.421578435,-6.81396415
368,1747486272620,2.3690639,-0.264314,1.4145558,5.002482,-1.0178602,-7.1697626
369,1747486272630,2.0800998,-0.50715095,1.0518868,5.7870493,-1.5483619,-7.573498
370,1747486272640,2.02958,-0.5989165,0.7909895,5.7881145,-1.7182716,-7.664578
371,1747486272650,1.999561,-0.6548056,0.55010504,5.5521584,-1.8253306,-7.775898
372,1747486272660,1.88461,-0.6789673,0.40830776,5.140434,-1.8200043,-7.817976
373,1747486272670,1.7923565,-0.716064,0.32044718,4.598747,-1.6948358,-7.7663107
374,1747486272680,1.5973546,-0.732659875,0.494704065,3.4519894,-1.2602079,-7.433948
375,1747486272690,1.577586,-0.7292431,0.5459561,3.02561735,-1.10308135,-7.166832899999999
376,1747486272700,1.5834434,-0.7060576,0.64016217,2.9209552,-1.0839065,-7.0770845
377,1747486272710,1.6988826,-0.6560259,0.7558453,2.8447888,-1.1941614,-6.980678
378,1747486272720,1.7523311,-0.5662128,0.8437059,2.8613002,-1.3954965,-6.92848
379,1747486272730,1.7611171,-0.42612398,0.81368685,2.7989824,-1.7571537,-6.652044
380,1747486272740,1.8609366,-0.37487194,0.76292294,2.6567695,-1.804558,-6.531669
381,1747486272750,1.922927,-0.3414361,0.76292294,2.4980452,-1.7267936,-6.459231
382,1747486272760,1.8848541,-0.33997175,0.80392456,2.336125,-1.5270566,-6.325008
383,1747486272770,1.83982555,-0.34290044,0.84565836,2.31908075,-1.4556839,-6.246710800000001
384,1747486272780,1.7847906,-0.36218095,0.9835507,2.3957798,-1.3496901,-6.0192766
385,1747486272790,2.0718021,-0.3704789,1.0252845,2.817092,-1.5664713,-6.1598916
386,1747486272800,2.0730224,-0.39708114,0.9488945,2.9816751,-1.6889768,-6.337791
387,1747486272810,2.0145707,-0.42502569,0.89337152,3.02082355,-1.72919055,-6.3769393
388,1747486272820,1.8519063,-0.53106856,0.7231416,3.0445259,-1.8232001,-6.3569655
389,1747486272830,1.6427493,-0.5693855,0.49201941,2.9427931,-1.8018948,-6.2041
390,1747486272840,1.5402453,-0.57329047,0.36096066,2.3718114,-1.375789,-5.675729
391,1747486272850,1.4226097,-0.5725583,0.31434575,2.0485036,-1.071656,-5.4680023
392,1747486272860,1.2881342,-0.5786598,0.3355787,1.80296,-0.7126619,-5.2666674
393,1747486272870,1.1617125,-0.6257628,0.35022214,1.6186694,-0.34674358,-5.083442
394,1747486272880,0.80294836,-0.8742131,0.38951537,1.5137408,-0.013848438,-4.9609365
395,1747486272890,0.5920829,-1.0677505,0.4429639,1.5957662,0.30360037,-4.6695867
396,1747486272900,0.32069123,-1.1963686,0.5435155,1.9068234,0.12250541,-4.5108624
397,1747486272910,0.178039765,-1.24017685,0.5843951000000001,2.1771343,-0.09134642,-4.3987432
398,1747486272920,-0.29482117,-1.5231613,0.37218732,3.9409459,-1.2250541,-3.4850128
399,1747486272930,-0.24942651,-1.7755165,-0.10884953,4.2221756,-1.4775218,-3.1174965
400,1747486272940,-0.37023485,-1.8401916,-0.6887296,3.91751,-1.7006947,-2.8597023
401,1747486272950,-0.56474847,-1.8428763,-1.1827015,3.0743532,-1.7273263,-2.5683527
402,1747486272960,-0.6792113,-2.1499002,-1.7518429,0.31691617,-1.0892329,-2.183792
403,1747486272970,-0.7316837,-2.4564364,-1.6652026,-1.158475,-0.64341974,-2.2258701
404,1747486272980,-0.9476743,-2.8471718,-1.3969837,-2.356365,-0.2050634,-2.308428
405,1747486272990,-1.2422514,-3.2662184,-1.044321,-3.095126,0.10439592,-2.3153522
406,1747486273000,-1.4628792,-3.6445067,-0.77292925,-3.4669032,-0.06711166,-2.2903185
407,1747486273010,-2.272661,-4.0791726,-0.41807005,-3.2463934,-1.077515,-1.7465011
408,1747486273020,-2.5611367,-4.228292,-0.49177536,-3.2250881,-1.4306501,-1.2074772
409,1747486273030,-2.8061702,-4.25343,-0.55840296,-3.417901,-1.4349113,-0.57577544
410,1747486273040,-2.9094064,-4.233051,-0.5416850449999999,-3.57635915,-1.2836437,-0.187752865
411,1747486273050,-3.1273496,-4.1165137,-0.33704305,-4.0251017,-0.6961503,1.0950918
412,1747486273060,-2.8627915,-3.742618,0.2945771,-3.8221688,0.070307456,3.037069
413,1747486273070,-2.6474109500000003,-3.61546415,0.36779428,-3.3609095,0.27057716,3.9180427
414,1747486273080,-1.8060236,-3.1800659,0.37828872,-2.8021781,0.46711847,4.671717
415,1747486273090,-1.1739154,-2.8398502,0.13398743,-2.593919,0.70627034,5.042962
416,1747486273100,-0.33265,-2.44765,-0.25772443,-2.8740835,1.2436962,5.4259243
417,1747486273110,-0.33265,-2.44765,-0.25772443,-2.8740835,1.2436962,5.4259243
418,1747486273120,0.051252022,-2.0408068,-0.033435844,-2.9768815,0.90014845,5.8472366
419,1747486273130,0.156074611,-1.9734469,-0.0010982584999999,-2.94332565,0.747283025,6.0320598
420,1747486273140,0.42038863,-1.8379951,0.0489334784999999,-2.88260555,0.4940164099999999,6.4014403
421,1747486273150,1.2827649,-1.5024164,0.17376876,-2.8581045,0.25566345,7.052583
422,1747486273160,1.6063848,-1.3850248,0.35827604,-2.801113,0.11345066,7.2070465
423,1747486273170,1.75086665,-1.3141262,0.49079912,-2.687396,0.0271642399999999,7.22622125
424,1747486273180,2.1899257,-1.0899596,0.88641596,-2.1774006,-0.257794,7.2176995
425,1747486273190,2.5848103,-0.9303462,1.0421244,-1.722,-0.39414784,7.045659
426,1747486273200,3.0238693,-0.4698102,1.0257727,-1.0546118,-0.27164245,6.165218
427,1747486273210,2.7900624,-0.3436326,0.93376297,-0.9507485,-0.07989483,5.8605523
428,1747486273220,2.5042715,-0.30165476,0.81832397,-1.0077401,0.16937704,5.7763963
429,1747486273230,2.2956026,-0.28701133,0.7167961,-1.170193,0.44900897,5.8429756
430,1747486273240,2.1735737,-0.29652956,0.64943635,-1.4881744,0.7621967,6.020342
431,1747486273250,2.0090792,-0.345341,0.5940353,-2.0756679,1.1153319,6.3931847
432,1747486273260,2.0002933,-0.39244407,0.62063754,-2.3579628,1.1552793,6.5481806
433,1747486273270,2.020916,-0.4207547,0.65492762,-2.4594292500000003,1.1371698,6.58226895
434,1747486273280,2.1076784,-0.5010495,0.7987994,-2.6237464,0.9901633,6.5790734
435,1747486273290,2.4203157,-0.571338,1.0345587,-2.2967103,0.47031426,6.0938454
436,1747486273300,2.3856597,-0.53961056,1.0409042,-2.021872,0.25033715,5.746569
437,1747486273310,2.2021286,-0.52399087,0.9484064,-1.93212345,0.1784318,5.6381785
438,1747486273320,1.9329334,-0.56523657,0.7839119,-1.850897,0.15819177,5.5649414
439,1747486273330,1.8355545,-0.61282775,0.67372002,-2.19417845,0.351803585,5.850965
440,1747486273340,1.8675259,-0.6313761,0.65114474,-2.3872576,0.44900897,5.9825253
441,1747486273350,2.0459318,-0.6037976,0.67506236,-2.5406556,0.48203218,5.9431105
442,1747486273360,2.1464834,-0.545468,0.7175283,-2.6551716,0.43675843,5.8253984
443,1747486273370,2.1167085,-0.5015376,0.7734174,-2.732936,0.360592,5.755091
444,1747486273380,2.0927908,-0.47469133,0.8022162,-2.783536,0.3339604,5.7417755
445,1747486273390,2.0781474,-0.4385709,0.77292925,-2.9763489,0.38775626,5.8376493
446,1747486273400,2.16552,-0.456143,0.6467517,-3.2495892,0.47830373,5.8925104
447,1747486273410,2.3607657,-0.41758195,0.61892915,-3.5760927,0.59122175,5.8514977
448,1747486273420,2.5621128,-0.22648512,0.7480355,-3.774232,0.7206514,5.6506953
449,1747486273430,2.608728,0.18645974,0.89080894,-3.8983352,0.7824367,5.340171
450,1747486273440,2.8549817,0.30555966,0.81344277,-4.327104,0.87990844,4.808071
451,1747486273450,2.8325286,0.4385709,0.82393724,-4.621117,0.87511474,4.443218
452,1747486273460,2.5523508,0.5357057,0.96573454,-4.7782435,0.7387609,4.2733083
453,1747486273470,2.3690639,0.5588911,1.027481,-4.819789,0.55074173,4.327104
454,1747486273480,2.0105436,1.1492655,1.3188853,-4.6349654,0.2695119,4.4517403
455,1747486273490,1.8592281,1.4865527,1.1202227,-4.285026,-0.066046394,4.699947
456,1747486273500,1.8709428,1.7279254,0.97037166,-4.3846283,-0.051665325,4.7500143
457,1747486273510,2.1518528,1.9068193,1.1761118,-4.2253714,-0.37603834,4.7553406
458,1747486273520,2.38797815,2.1374534,1.38429265,-3.9092542,-0.7909588200000001,4.7366983000000005
459,1747486273530,2.8028754,2.6996392,1.74720585,-3.1462586,-1.81174855,4.720985499999999
460,1747486273540,4.5504475,4.4777184,2.2111588,-0.80747044,-3.5702338,4.502873
461,1747486273550,5.3643785,5.054914,2.0652125,-0.15393071,-2.7132285,3.711914
462,1747486273560,5.8507843,5.435399,2.037634,0.17044231,-1.4823155,2.8117654
463,1747486273570,5.8312597,5.6987367,2.196027,0.6828345,-0.25885928,1.8860507
464,1747486273580,5.5837855,5.7609715,2.2236056,1.4263891,0.57311225,1.0199907
465,1747486273590,5.273345,5.3738966,1.5797825,2.97049,1.0120013,-0.4463458
466,1747486273600,5.3306985,4.996828,0.6953191,3.1798143,0.9406285,-1.3124058
467,1747486273610,5.27212475,4.7801053,0.2532094,2.93959725,0.9467538,-1.798699
468,1747486273620,4.7532587,4.125056,-0.7556012,1.6879115,1.0524813,-3.1212249
469,1747486273630,4.1792364,3.6586623,-0.9449896,0.44581318,1.2096078,-3.6378782
470,1747486273640,3.43254325,2.48889585,0.0007321799999999,-1.5355787,1.2868395,-4.250938
471,1747486273650,3.337239,2.28462,0.2706595,-1.7086842,0.98750013,-4.491155
472,1747486273660,3.1523655,1.95514265,0.7465711500000001,-1.31986265,0.644218665,-4.645352
473,1747486273670,2.7619958,1.3977158,1.4538491,-0.31052458,0.11664646,-4.83417
474,1747486273680,2.5913997,1.1787965,1.5590377,-0.31052458,0.11664646,-4.83417
475,1747486273690,2.5823698,1.0196712,1.5707525,0.81226414,0.101200126,-4.783037
476,1747486273700,2.6145852,0.9191196,1.55196,1.2602079,0.17949706,-4.871987
477,1747486273710,2.4793775,0.8022162,1.5766098,1.6213325,0.21837921,-4.99396
478,1747486273720,2.400547,0.7394935,1.6110219,2.47674,0.2828277,-5.3028865
479,1747486273730,2.336848,0.656514,1.6207842,2.9177594,0.3749731,-5.4696
480,1747486273740,2.247035,0.56523657,1.6195638,3.417901,0.4910869,-5.6432385
481,1747486273750,2.145019,0.42856455,1.5312152,3.9137816,0.5965481,-5.7913103
482,1747486273760,2.017133,0.12032023,1.194172,4.3324304,0.60240704,-5.917544
483,1747486273770,2.0444674,-0.025137896,1.0418804,4.878911,0.31478566,-6.1838603
484,1747486273780,2.072046,-0.15888128,0.912286,5.0173955,0.08628642,-6.3750753
485,1747486273790,2.0881538,-0.29164842,0.8073414,5.0919642,-0.18588865,-6.5764103
486,1747486273800,2.1293995,-0.42417148,0.7551131,5.1425643,-0.7142598,-6.8826737
487,1747486273810,1.8680142,-0.5215503,0.605262,4.9763827,-1.4940335,-7.0717583
488,1747486273820,1.8444626,-0.531556665,0.5536439,4.829908850000001,-1.5462314,-7.0366044
489,1747486273830,1.8565434,-0.51447266,0.39927766,4.2685146,-1.5398397,-6.915164
490,1747486273840,1.9490411,-0.46810177,0.2716357,3.7071204,-1.3566142,-6.8448567
491,1747486273850,2.0010254,-0.43491003,0.22502078,3.0652986,-0.9896307,-6.7638965
492,1747486273860,1.9988288,-0.41514137,0.32679266,1.8663434,-0.11664646,-6.536463
493,1747486273870,2.0842488,-0.41123646,0.6142921,1.5968314,-0.007989483,-6.4773407
494,1747486273880,2.1396499,-0.39854547,0.9715919,1.7869811,-0.2711098,-6.5119615
495,1747486273890,2.1930983,-0.41611758,1.21028,2.2604911,-0.7840346,-6.611031
496,1747486273900,2.0603313,-0.42734426,1.1912434,3.230947,-1.7821875,-6.7409935
497,1747486273910,1.9919952,-0.42563587,1.0753163,3.491937,-2.0857878,-6.702644
498,1747486273920,1.9602679,-0.42661208,0.8266219,3.5057852,-2.1731396,-6.6541743
499,1747486273930,1.9712504,-0.42990686,0.7379071,3.3973946,-2.1185447,-6.62780915
500,1747486273940,2.003222,-0.42783237,0.53814626,2.9433258,-1.7726,-6.5007763
501,1747486273950,2.042271,-0.43100512,0.43539813,2.0586236,-0.93157375,-6.3047676
502,1747486273960,1.9795485,-0.42051062,0.4527262,1.7512947,-0.68656296,-6.213155
503,1747486273970,1.9173138,-0.42978483,0.55523026,1.6053536,-0.5885586,-6.1332603
504,1747486273980,1.8440965,-0.45126185,0.76292294,1.7342505,-0.6892261,-6.07254
505,1747486273990,1.6193199,-0.5259434,0.98525906,2.5507758,-1.1350393,-5.9644156
506,1747486274000,1.5131549,-0.63357264,1.0047837,3.0509174,-1.3182647,-5.9361863
507,1747486274010,1.3706255,-0.76170266,0.9654905,3.5649076,-1.4146712,-5.8855863
508,1747486274020,1.1578076,-0.9183875,0.83687234,3.985687,-1.3944311,-5.742308
509,1747486274030,0.8917852,-1.0538392,0.70996255,4.394216,-1.158475,-5.4307184
510,1747486274040,0.2545517,-1.4780107,0.19378147,4.7627974,-0.38935417,-4.779309
511,1747486274050,0.1183677605,-1.65422,-0.0895689999999999,4.65547205,-0.31079091,-4.5007423
512,1747486274060,-0.28920785,-2.0437355,-0.94620997,3.8738341,-0.5070659,-3.7209687
513,1747486274070,-0.353760975,-2.06875135,-1.146702985,2.8644962,-1.1424961,-3.3348105
514,1747486274080,-0.311173,-2.1379416,-1.633231,1.5712651,-1.7635453,-3.2288165
515,1747486274090,-0.55486415,-2.4463078,-1.304608,-1.8282601,-1.74250635,-3.1398671
516,1747486274100,-0.6626154,-2.5311177,-1.1363305,-2.4160197,-1.6085494,-3.0652986
517,1747486274110,-0.82711005,-2.7515013,-0.73461235,-3.3683662,-1.2319783,-2.812298
518,1747486274120,-0.923756725,-2.89488495,-0.60062489,-3.6330844,-1.11639715,-2.7387949000000003
519,1747486274130,-1.7110853,-3.5505447,0.017084008,-4.207262,-0.34088463,-2.0857878
520,1747486274140,-2.0759509,-3.6828237,0.23649146,-3.9409459,-0.35313517,-1.7102821
521,1747486274150,-2.4413047,-3.7738574,0.3053156,-3.5521243,-0.47297743,-1.2255868
522,1747486274160,-2.55271675,-3.8055847,0.26724268,-3.39473155,-0.4679174149999999,-0.93210642
523,1747486274170,-2.724167,-3.8661108,0.18877828,-3.14093235,-0.3621898999999999,-0.34061831
524,1747486274180,-2.98469825,-3.81229625,0.0563772209,-2.77022025,0.4620584485,1.272192075
525,1747486274190,-3.068776,-3.7504277,-0.0051252022,-2.6482475,0.88203895,2.0026972
526,1747486274200,-3.0760975,-3.6093626,-0.04271002,-2.5284052,1.24849,2.8192225
527,1747486274210,-3.00092795,-3.51466845,-0.04515059,-2.4335966,1.39549645,3.25944295
528,1747486274220,-2.554059,-3.184459,0.0014643435,-2.0192087,1.6655409,4.535363
529,1747486274230,-1.9544104,-2.9172163,0.010006348,-1.5978967,1.7251958,5.180381
530,1747486274240,-0.7365648,-2.2289748,-0.27871338,-0.90281165,1.8056233,5.7359166
531,1747486274250,-0.39195594,-1.9500173,-0.47103047,-0.79628515,1.7571537,5.82966
532,1747486274260,-0.278225265,-1.8272566,-0.5346073849999999,-0.8173241250000001,1.69004205,5.89224415
533,1747486274270,0.061746486,-1.4987555,-0.6667644,-1.0301107,1.3736585,6.182795
534,1747486274280,0.61892915,-1.2359059,-0.6662763,-1.5291871,0.99229383,6.5172877
535,1747486274290,0.8363842,-1.1656175,-0.5879339,-1.7917749,0.7946873,6.6760125
536,1747486274300,1.0811737,-1.1302291,-0.45907167,-2.0314593,0.5629923,6.8224864
537,1747486274310,1.21113415,-1.11387725,-0.371577145,-2.11721315,0.45593321,6.8714885500000005
538,1747486274320,1.5871042,-1.0848345,-0.08395569,-2.3036344,0.17097494,6.992396
539,1747486274330,1.9153614,-1.0687267,0.22160399,-2.3350596,0.013315806,7.035539
540,1747486274340,2.0102994,-1.0806855,0.38146147,-2.2327943,-0.21837921,7.095194
541,1747486274350,2.051057,-1.0794652,0.5720702,-1.9094865,-0.360592,7.1143684
542,1747486274360,1.9912632,-1.065554,0.8571291,-1.4908376,-0.49002165,7.163903
543,1747486274370,2.004198,-1.0335824,0.878118,-0.9582054,-0.64768076,7.2422004
544,1747486274380,2.055206,-1.0278471,0.82930655,-0.6745787249999999,-0.69694923,7.2861427
545,1747486274390,2.2360525,-0.9554841,0.62014943,0.4000068,-0.6173208,7.4009247
546,1747486274400,2.3693078,-0.83028275,0.41514137,0.51771855,-0.42770368,7.376424
547,1747486274410,2.4278815,-0.74925575,0.30446142,0.435160545,-0.308926695,7.364706
548,1747486274420,2.4864552,-0.66822875,0.19378147,0.35260254,-0.19014971,7.352988
549,1747486274430,2.7946997,-0.45052966,-0.22599702,-2.069276,0.9576728,7.0280824
550,1747486274440,2.8022654,-0.4554108,-0.1432616,-3.0700922,1.375789,6.7788105
551,1747486274450,2.7954316,-0.55645055,0.13398743,-3.8674426,1.6612799,6.445915
552,1747486274460,2.6328895,-0.588544045,0.547298415,-3.9819586,1.6429041,6.09544315
553,1747486274470,2.2646072,-0.6101431,1.1971008,-3.7539918,1.4205302,5.4648066
554,1747486274480,2.080832,-0.5857374,1.2002735,-3.3433325,1.2809805,5.233112
555,1747486274490,1.9280523,-0.5976962,1.0850785,-3.0391996,1.2218584,5.0711913
556,1747486274500,1.8675259,-0.61795294,0.9469421,-2.8815403,1.2447615,4.927913
557,1747486274510,1.6249331,-0.6157564,0.73607665,-2.8607676,1.5190672,4.696751
558,1747486274520,1.4977793,-0.5954997,0.67481834,-2.9566414,1.5883093,4.6946206
559,1747486274530,1.3994243,-0.55840296,0.6621273,-3.0780816,1.591505,4.7553406
560,1747486274540,1.40613585,-0.5504711,0.6847026,-3.13027955,1.5555523999999998,4.7939563
561,1747486274550,1.5168158,-0.54986095,0.7665838,-3.2378714,1.3805827,4.853345
562,1747486274560,1.7860109,-0.5259434,0.94816244,-3.1228228,0.9353022,4.726578
563,1747486274570,1.83103945,-0.49897505,0.98769967,-3.0314764,0.8548747299999999,4.6727823
564,1747486274580,1.8730173,-0.3981793999999999,1.0524969,-2.81948875,0.74568513,4.5595983
565,1747486274590,1.8592281,-0.17425688,1.0382195,-2.4469125,0.67218184,4.331365
566,1747486274600,1.7074246,0.020500809,0.7570656,-2.442119,0.7850999,4.1513357
567,1747486274610,1.6805782,0.04368625,0.5527897,-2.7627633,0.9214538,4.093279
568,1747486274620,1.7020552,0.0061014313,0.4002539,-3.2858083,1.0551444,4.0842237
569,1747486274630,1.8728954,0.012446919,0.37072295,-3.8674426,1.1835088,4.0922136
570,1747486274640,2.1389177,0.3790209,0.31727442,-4.988101,1.1377025,3.858388
571,1747486274650,2.004198,0.5513253,0.45687518,-5.576659,0.62317973,3.875432
572,1747486274660,1.948309,0.70215267,0.6962953,-6.0602894,-0.11771172,4.0282974
573,1747486274670,1.9339097,0.68384844,1.0382195,-6.501309,-0.86020106,4.3308325
574,1747486274680,1.8941283,0.626739,1.6878998,-6.481069,-1.4093449,4.8064733
575,1747486274690,2.3854156,1.1643971,3.385074,-4.456534,-2.7771444,6.375608
576,1747486274700,3.53883,1.6490947,3.7753217,-2.7180223,-3.4972632,6.7857347
577,1747486274710,5.0485682,2.3373363,3.6640313,-0.9800433,-3.9686427,6.5135593
578,1747486274720,6.2341986,3.0277743,3.120028,0.35100463,-4.0069923,5.423794
579,1747486274730,6.59894205,3.29477285,2.7938454,1.0343717,-3.6932719,3.7417414
580,1747486274740,6.449701,4.020111,1.7745403,0.561927,-1.7251958,0.56245965
581,1747486274750,5.782204,4.012057,1.858496,0.028229509,-0.6109292,0.022903185
582,1747486274760,5.456388,3.8773375,2.1420906,-0.2625877,0.4958806,-0.330232
583,1747486274770,5.3138585,3.6625674,2.4749846,-0.16085494,1.5393071,-0.6508766
584,1747486274780,5.218676,3.4233909,2.7285602,0.3435478,2.402704,-1.0253171
585,1747486274790,5.1647396,2.7063508,2.848148,2.3036344,3.073288,-2.0746026
586,1747486274800,5.005614,2.3151271,2.6643732,3.6011264,2.8453214,-2.747317
587,1747486274810,4.7415442,1.8948604,2.3170795,4.876248,2.2929816,-3.3704967
588,1747486274820,4.5087137,1.5104704,1.866794,5.9441757,1.5483619,-3.94787
589,1747486274830,4.1582475,1.2676333,1.3713577,6.7814736,0.5299691,-4.597149
590,1747486274840,3.4800124,1.0311419,0.13569583,6.2227426,-0.57098174,-5.1271176
591,1747486274850,3.342852,1.0357789,-0.22428861,5.170261,-0.5816344,-5.2869077
592,1747486274860,3.2890374,1.04432095,-0.279811635,4.55959815,-0.38402784,-5.3529538500000005
593,1747486274870,3.1158788,1.065554,-0.23771177,2.819755,0.50120693,-5.4967647
594,1747486274880,3.0753655,0.9984382,-0.09298581,1.8876486,1.2500879,-5.586247
595,1747486274890,2.9744478,0.90325585,0.1687656049999999,1.435976485,1.70335795,-5.710084
596,1747486274900,2.8209358,0.76133655,0.5465662099999999,1.017860185,2.18725425,-5.9076905
597,1747486274910,2.7683415,0.7145996,0.6626154,1.051416,2.2178805,-5.98146
598,1747486274920,2.5586963,0.3607166,1.2266316,2.1411815,1.3432984,-6.499711
599,1747486274930,2.5586963,0.3607166,1.2266316,2.1411815,1.3432984,-6.499711
600,1747486274940,2.254601,-0.1969542,1.4460392,4.3761063,-0.17789917,-7.1180973
601,1747486274950,2.2489874,-0.35168648,1.3249868,4.8512144,-0.39041942,-7.2709627
602,1747486274960,2.2736373,-0.42051064,1.2255335,4.97052405,-0.40719734,-7.36337425
603,1747486274970,2.2968228,-0.6057501,0.91521466,5.101019,-0.34248254,-7.6448703
604,1747486274980,2.136477,-0.76804817,0.6294237,4.94336,-0.25566345,-7.787083
605,1747486274990,2.0637481,-0.82125264,0.6230781,4.354801,-0.51026165,-7.8472705
606,1747486275000,2.0061505,-0.85127175,0.67506236,4.1561294,-0.77444726,-7.7721696
607,1747486275010,1.9861377,-0.88885653,0.72533816,3.9713058,-1.0450244,-7.649664
608,1747486275020,2.0703375,-0.9269294,0.81832397,3.8221688,-1.3496901,-7.5516596
609,1747486275030,2.1640556,-0.90472025,0.9784255,3.5808864,-1.8977686,-7.431285
610,1747486275040,2.139894,-0.9010593,1.0160104,3.3688989,-2.027731,-7.2784195
611,1747486275050,2.0981603,-0.88226694,1.1053354,3.1185617,-2.0106866,-7.048322
612,1747486275060,2.1264708,-0.8412653,1.2224828,2.931075,-1.7736653,-6.7974524
613,1747486275070,2.2289748,-0.8088057,1.3208379,2.8836708,-1.3102753,-6.613694
614,1747486275080,2.4137263,-0.7990434,1.3435352,3.0871365,-0.72171664,-6.677078
615,1747486275090,2.4190955,-0.8097819,1.3059504,3.3198967,-0.63223445,-6.793724
616,1747486275100,2.38858825,-0.81515118,1.2539662,3.44107055,-0.630103925,-6.8504493
617,1747486275110,2.3120763,-0.83003868,1.1287648,3.65998245,-0.65726818,-6.94579055
618,1747486275120,2.1372094,-0.9437694,0.73680884,3.8983352,-0.9667275,-6.954579
619,1747486275130,2.0495927,-1.0099089,0.5959878,3.8562574,-1.1728562,-6.838998
620,1747486275140,1.9165816,-1.065554,0.4497975,3.695935,-1.3076121,-6.6147594
621,1747486275150,1.7276812,-1.039928,0.35925224,3.3854105,-1.3124058,-6.2344604
622,1747486275160,1.4426224,-0.9896521,0.23917611,2.7377295,-1.0476876,-5.5814533
623,1747486275170,1.2908187,-0.9808661,0.255772,2.4458473,-0.91346425,-5.3082128
624,1747486275180,1.1036268,-0.9972179,0.31727442,2.2429142,-0.8042747,-5.075985
625,1747486275190,0.979279675,-1.052985,0.37218731,2.2186796,-0.75234305,-4.960936500000001
626,1747486275200,0.5527897,-1.3576905,0.49226347,2.2668827,-0.65886605,-4.5827675
627,1747486275210,0.119588055,-1.5309712,0.4170938,2.5747442,-0.7419567,-4.1380196
628,1747486275220,-0.102504045,-1.7074246,0.2403964,2.722816,-1.1185277,-3.9979374
629,1747486275230,-0.2080588025,-1.84519485,0.083223528,2.670618,-1.433846,-3.969708
630,1747486275240,-0.5530337,-2.2524045,-0.37804466,2.3904533,-1.5824504,-3.9760995
631,1747486275250,-1.2293164,-2.7336853,-0.989164,1.965413,-1.4721955,-3.8621163
632,1747486275260,-1.5378047,-3.0194762,-1.3781912,0.43303,-1.4168017,-3.129747
633,1747486275270,-1.9104803,-3.1700597,-1.4482356,-0.67537767,-1.639442,-2.727077
634,1747486275280,-2.152341,-3.307708,-1.3081468,-1.6410398,-1.7113473,-2.1805964
635,1747486275290,-2.2369068,-3.40313435,-1.2185778,-2.0551614,-1.6703346,-1.913215
636,1747486275300,-2.5386834,-3.5671408,-0.8534682,-3.0961912,-1.417867,-1.1217234
637,1747486275310,-2.80946505,-3.5537176,-0.53790218,-3.5691686,-0.283893,0.4250405
638,1747486275320,-3.155172,-3.5036857,-0.1044565,-3.44107055,-0.094808545,0.8016114999999999
639,1747486275330,-3.1092894,-3.4131405,-0.13203497,-2.9017804,0.1304949,1.8407769
640,1747486275340,-2.9814034,-3.265974,-0.20696054,-2.378203,-0.11824436,2.4256072
641,1747486275350,-2.5335584,-2.9155078,-0.656514,-1.4950987,-0.6775082,3.3417346
642,1747486275360,-2.43337285,-2.8092209,-0.7582859,-1.41227435,-0.73769565,3.4740936500000004
643,1747486275370,-2.2362967,-2.5650415,-1.0042956,-1.3275858,-0.78563255,3.7151097
644,1747486275380,-2.2646072,-2.5101287,-1.0177187,-1.3885722,-0.6982809,4.169445
645,1747486275390,-2.3466103,-2.3841953,-0.82003236,-1.3086774,-0.59867865,4.9076734
646,1747486275400,-1.8641093,-2.186509,-0.65382934,-0.79628515,-0.4383563,6.2951803
647,1747486275410,-1.449456,-2.0491047,-0.7421781,-0.65194184,-0.27856666,6.8491178
648,1747486275420,-1.449456,-2.0491047,-0.7421781,-0.65194184,-0.27856666,6.8491178
649,1747486275430,-0.18792409,-1.6615417,-0.8988628,-0.86179894,0.16405073,7.456851
650,1747486275440,0.248328235,-1.48667475,-0.8390688,-1.14942037,0.180296015,7.35511825
651,1747486275450,0.79208778,-1.23749235,-0.72326365,-1.5709988,0.12436963,7.217699250000001
652,1747486275460,1.134134,-1.0667742,-0.524479,-1.952097,-0.12623383,7.210775
653,1747486275470,1.4299314,-0.99404514,-0.39024755,-2.2311964,-0.27856666,7.2416677
654,1747486275480,1.6342072,-0.9855032,-0.32093528,-2.5145566,-0.32597092,7.2294173
655,1747486275490,1.9114565,-1.0062481,0.07199689,-2.968892,-0.38562572,7.07815
656,1747486275500,1.9470887,-1.0387076,0.2809099,-3.0562437,-0.38775626,6.9625683
657,1747486275510,1.9475769,-1.0975254,0.5191097,-3.0663638,-0.46658584,6.8746843
658,1747486275520,1.9497733,-1.1499978,0.69434285,-2.994991,-0.5933523,6.843259
659,1747486275530,1.99345955,-1.2199202,0.91082165,-2.8687572,-0.7142598,6.820356
660,1747486275540,2.0261633,-1.2473766,0.9823304,-2.6061695,-0.8447547,6.5748124
661,1747486275550,2.1496563,-1.244692,0.99087244,-2.5662222,-0.8367652,6.3228774
662,1747486275560,2.1984677,-1.2366381,1.0450531,-2.5443842,-0.8175905,5.98146
663,1747486275570,2.1574662,-1.2249234,1.2017379,-2.4080303,-0.8186557,5.6965017
664,1747486275580,2.0505691,-1.2160153,1.2529899,-2.1875206,-0.78829567,5.580387849999999
665,1747486275590,1.8592281,-1.2300485,1.2849613,-1.7779263,-0.65194184,5.4941015
666,1747486275600,1.8511744,-1.2432276,1.2439598,-1.6362462,-0.49801114,5.54843
667,1747486275610,1.8567874,-1.2586032,1.155367,-1.5611451,-0.25992453,5.572931
668,1747486275620,1.824572,-1.2773956,1.0518868,-1.5968314,0.054328486,5.6038237
669,1747486275630,1.8282328,-1.313272,0.875555375,-1.8040254,0.5581986,5.6677394
670,1747486275640,1.850442,-1.3428029,0.85590875,-1.8716697,0.5523396,5.6464343
671,1747486275650,1.8824136,-1.4128474,0.856641,-1.8546255,0.4079963,5.5968995
672,1747486275660,1.8404356,-1.4187049,0.89715445,-1.7140105,0.175236,5.5516257
673,1747486275670,1.802851,-1.4526287,0.91497064,-1.4759239,-0.09054748,5.5223308
674,1747486275680,1.6739886,-1.4587301,1.03163,-0.59867865,-0.7142598,5.5361795
675,1747486275690,1.6361598,-1.4104068,0.9530435,-0.06018744,-0.912399,5.6315207
676,1747486275700,1.7206036,-1.3613514,0.7946504,0.4000068,-0.9337043,5.733786
677,1747486275710,1.785889,-1.304486,0.671889615,0.7307714,-0.7930894,5.8168764
678,1747486275720,1.940011,-1.1507299,0.38805103,0.777643,-0.624245,5.849367
679,1747486275730,2.1533172,-0.99136055,0.10396838,0.6631271,-0.44528055,5.875999
680,1747486275740,2.2492316,-0.95011485,0.06369894,0.070307456,-0.23169503,5.845106
681,1747486275750,2.3414853,-0.89154106,0.1330112,-0.22903186,-0.2876214,5.8589544
682,1747486275760,2.36650115,-0.8628643300000001,0.157660985,-0.37923413,-0.30573089,5.8589544
683,1747486275770,2.3090258,-0.74193406,0.3653537,-0.7803062,-0.31851408,5.904761
684,1747486275780,2.493533,-0.16425052,0.60306543,-0.91825795,-0.17630127,6.0933127
685,1747486275790,2.9443066,0.23600335,0.48835856,-0.87138635,0.6993461,5.9010324
686,1747486275800,3.508811,0.6518769,0.17938207,-1.026915,1.0317086,5.208078
687,1747486275810,3.508811,0.6518769,0.17938207,-1.026915,1.0317086,5.208078
688,1747486275820,2.899156,1.6007715,-0.3243521,-2.4538367,0.6045376,3.1084416
689,1747486275830,2.309758,1.7755165,-0.11568313,-2.7073696,0.14966966,3.3401368
690,1747486275840,2.195783,1.9148731,0.2203837,-2.6993802,-0.4889564,3.9558597
691,1747486275850,2.609704,2.0700936,0.42441553,-2.4282703,-1.1201255,4.7074037
692,1747486275860,5.3608396,2.9566314,0.250036665,-1.8210696,-1.7731327,5.587845
693,1747486275870,5.8976436,3.3289406,0.18743597,-1.8301244,-1.6314526,5.0781155
694,1747486275880,6.4438434,3.9332266,0.19817449,-1.8775285,-1.3273195,4.308462
695,1747486275890,6.883147,4.33226,0.31947094,-1.7715348,-0.9155948,3.2836776
696,1747486275900,7.0676537,4.566067,0.3863426,-1.5819178,-0.783502,1.9787288
697,1747486275910,6.8912,4.630742,0.5759751,-1.284709,-1.0199907,0.8852348
698,1747486275920,6.8726525,4.222923,1.0133257,-0.54408382,-1.29056785,-1.4274544
699,1747486275930,6.6163917,3.8680632,1.2029582,-0.46179214,-1.1030813,-1.8780613
700,1747486275940,6.202715,3.4348617,1.3135161,-0.49055427,-0.29454562,-2.6280074
701,1747486275950,5.382683,2.272417,1.6173674,-0.58429754,2.1694112,-3.952131
702,1747486275960,5.0658965,1.8426323,1.6593453,-0.37550572,3.0205574,-4.501275
703,1747486275970,4.783522,1.496803,1.5758777,-0.04261058,3.5153728,-4.9449577
704,1747486275980,4.424514,1.2503053,1.4372531,0.36218992,3.5675707,-5.2735915
705,1747486275990,4.0174265,1.0367552,1.1844097,0.7041398,3.268764,-5.465872
706,1747486276000,3.507835,0.75950617,0.7512082,0.8213189,2.3840618,-5.697567
707,1747486276010,3.3326018,0.62600684,0.6574902,0.725711425,2.2405175,-5.7612165
708,1747486276020,3.10721475,0.381461485,0.689095645,0.29188246,1.9057581,-5.9505672
709,1747486276030,3.0377805,0.28408262,0.73607665,0.04580637,1.7779263,-6.0182114
710,1747486276040,2.8876853,0.13593988,0.9269294,0.0170442319999999,1.74969685,-6.124738000000001
711,1747486276050,2.6485093,-0.113974735,1.4501882,0.13209279,1.8136127,-6.1780014
712,1747486276060,2.506712,-0.22916976,1.6676433,0.5502091,1.9931098,-6.2286015
713,1747486276070,2.3473425,-0.3448529,1.8809491,1.1361046,2.0895162,-6.285593
714,1747486276080,2.2624106,-0.47835222,2.0466642,1.9020296,2.0330572,-6.348976
715,1747486276090,2.2570415,-0.8334555,2.12403,2.8362665,1.8807244,-6.4427195
716,1747486276100,2.2626548,-1.0460293,1.9880903,5.021124,1.0135992,-6.8858695
717,1747486276110,2.1059701,-1.227608,1.7174308,5.746569,0.50173956,-7.048322
718,1747486276120,1.9680777,-1.3464638,1.4096746,6.170544,0.03568636,-7.1101074
719,1747486276130,1.9136529,-1.3916144,1.1077759,6.285593,-0.31691617,-7.1143684
720,1747486276140,1.9209745,-1.347684,0.575487,6.1023674,-0.5422196,-7.0973244
721,1747486276150,1.97784,-1.2815446,0.36022848,5.0919642,-0.6332997,-6.9593725
722,1747486276160,2.028848,-1.1927078,0.26870704,4.354801,-0.56618804,-6.8746843
723,1747486276170,2.0747306,-1.1119248,0.3441207,3.6075182,-0.4607269,-6.774017
724,1747486276180,2.1516087,-1.0906918,0.5513253,2.999252,-0.30626354,-6.6792083
725,1747486276190,2.2614346,-1.1578076,1.1190025,2.5614283,0.18375812,-6.582802
726,1747486276200,2.2699766,-1.2180897,1.3818521,2.702576,0.27643612,-6.6174226
727,1747486276210,2.1935866,-1.283497,1.5458585,3.1244206,0.27696875,-6.6355324
728,1747486276220,2.1096308,-1.3703815,1.560502,3.6080508,0.1933455,-6.621684
729,1747486276230,1.9153614,-1.4008886,1.3396302,4.1007357,0.101200126,-6.600911
730,1747486276240,1.8946164,-1.4072341,1.1141213,4.821387,-0.18961707,-6.602509
731,1747486276250,1.8516623,-1.449456,0.8766537,4.910869,-0.3435478,-6.608368
732,1747486276260,1.7523311,-1.4770344,0.6982478,4.7888966,-0.4708469,-6.4528394
733,1747486276270,1.6222485,-1.4831358,0.5271637,4.556136,-0.46498793,-6.160957
734,1747486276280,1.4782547,-1.2895985,0.27944556,3.8402784,-0.094808534,-5.5058193
735,1747486276290,1.4614148,-1.1626887,0.19597797,3.4328146,0.12463594,-5.248558
736,1747486276300,1.462391,-1.061405,0.11690342,3.0274816,0.24021713,-5.071724
737,1747486276310,1.4057697,-1.0240642,0.0730951445,2.83573405,0.1952097099999999,-4.994492299999999
738,1747486276320,1.1888028,-0.942305,0.033191785,2.3158848,-0.11717909,-4.7510796
739,1747486276330,1.0369992,-0.942305,0.1428955125,2.0900488,-0.41172472,-4.560397
740,1747486276340,0.6794554,-0.9520673,0.3995217,2.229066,-0.5811018,-3.9808934
741,1747486276350,0.4234393,-0.91106576,0.50837123,2.5443842,-0.4426174,-3.5910065
742,1747486276360,0.24552159,-0.96817505,0.45297024,2.918292,-0.20453078,-3.1691618
743,1747486276370,-0.04637088,-0.9794017,0.29726174,3.2762208,0.0005326322,-2.747317
744,1747486276380,-0.31581008,-0.9686632,-0.017084008,3.50472,0.07350325,-2.2727418
745,1747486276390,-0.70117646,-1.194172,-1.0587204,3.1228228,-0.18642128,-1.5909724
746,1747486276400,-0.5593792,-1.1944162,-1.4301754,2.5198832,-0.6359629,-1.6932379
747,1747486276410,-0.3734076,-1.172695,-1.5741693,1.8301244,-1.0045444,-2.275405
748,1747486276420,-0.22306833,-1.4006445,-1.5900329,1.2282499,-1.123854,-3.1505196
749,1747486276430,-1.2171135,-2.003222,-1.6573927,0.13635385,-0.89855057,-4.6205845
750,1747486276440,-1.9138969,-2.37004,-1.5951582,-0.21358553,-0.77870834,-4.6962185
751,1747486276450,-3.0426618000000003,-2.80824475,-1.64067485,-0.4825648,-0.5832323,-4.386226
752,1747486276460,-3.3799489,-2.9609025,-1.709377,-0.8016115,-0.31265512,-3.7571878
753,1747486276470,-4.037683,-3.2037396,-1.9407433,-1.3534185,-0.105993815,-2.8085697
754,1747486276480,-4.0140097,-3.1397965,-1.7030314,-2.7510455,0.4346279,-0.86020106
755,1747486276490,-3.9005232,-3.111486,-1.6088253,-3.3348105,0.78563255,-0.13262543
756,1747486276500,-3.6467035,-3.0475428,-1.3506129,-3.8514636,1.1153319,0.598146
757,1747486276510,-3.53211845,-2.99433825,-1.15195028,-3.89434055,1.1446267,0.8625978999999999
758,1747486276520,-3.1693273,-2.8342366,-0.60184515,-3.6575856,1.0125339,1.6128104
759,1747486276530,-2.6956124,-2.5972571,-0.43442193,-2.5747442,0.34408042,2.3771377
760,1747486276540,-2.464734,-2.5303855,-0.5781716,-2.1560953,0.040480047,2.7654266
761,1747486276550,-2.2399576,-2.4498467,-0.78610843,-1.9558256,-0.11132014,3.1590416
762,1747486276560,-2.088642,-2.4400845,-0.87323684,-1.9366508,-0.10333065,3.6421392
763,1747486276570,-1.9370824,-2.4481382,-0.8402891,-1.9787288,0.032490566,4.3036685
764,1747486276580,-1.2151611,-2.392249,-0.75486904,-2.040514,0.12357068,5.898902
765,1747486276590,-0.59916055,-2.2753458,-0.673842,-2.0293288,-0.101200126,6.396913
766,1747486276600,0.012690976,-2.110363,-0.56865335,-1.9590213,-0.4250405,6.6467175
767,1747486276610,0.8598137,-1.8414118,-0.30458343,-1.6463662,-1.0226538,6.7031765
768,1747486276620,1.10802,-1.7279254,-0.16693515,-1.3507553,-1.2442288,6.7409935
769,1747486276630,1.10802,-1.7279254,-0.16693515,-1.3507553,-1.2442288,6.7409935
770,1747486276640,1.5736811,-1.5905211,-0.07028849,-0.61572284,-1.6096146,6.7804084
771,1747486276650,1.7120615,-1.679846,-0.15424417,-0.340352,-1.6511599,6.770821
772,1747486276660,1.74403305,-1.71999345,-0.170962095,-0.35020569,-1.4572818,7.0280823
773,1747486276670,2.0127401,-1.8094405,-0.2255089,-0.7275756,-0.91612744,7.740744
774,1747486276680,2.4276376,-1.7376877,-0.20085911,-1.27885,-0.6668556,8.097075
775,1747486276690,2.9174602,-1.5658714,-0.14741059,-1.9425098,-0.47404268,8.253669
776,1747486276700,3.8524435,-1.0877631,0.33191785,-2.6296053,-0.33449304,8.10826
777,1747486276710,4.0340223,-0.90520835,0.67140144,-3.4882085,-0.29507825,6.69785
778,1747486276720,3.981062,-0.77683425,0.9476743,-3.5654402,-0.20879184,5.4775896
779,1747486276730,3.551521,-0.7687803,1.0850785,-3.5654402,0.07243799,4.2546663
780,1747486276740,2.8579104,-0.916679,1.1663495,-3.5808864,0.4644553,3.3944652
781,1747486276750,1.3223021,-1.3864892,1.3115636,-3.3635726,1.3235911,2.9827404
782,1747486276760,0.76243484,-1.5558649,1.3484163,-3.1206923,1.4397049,3.3571808
783,1747486276770,0.64687374,-1.62810585,1.39832595,-2.9055089,1.4040184999999998,3.5827506500000004
784,1747486276780,0.5523015,-1.9016942,1.4143118,-2.0644825,1.212271,4.0964746
785,1747486276790,0.44540447,-2.0349493,0.9061846,-1.0865698,0.26205507,4.8133974
786,1747486276800,0.66115105,-2.042515,0.5981843,-0.9470201,-0.38029942,5.1968927
787,1747486276810,0.98159826,-2.0117638,0.41587353,-1.0354371,-0.8905611,5.458415
788,1747486276820,1.2637285,-1.939767,0.3743838,-1.2809805,-1.1403656,5.676794
789,1747486276830,1.5221851,-1.8682582,0.42929673,-1.5281218,-1.0242518,5.8435082
790,1747486276840,1.7962613,-1.7584325,0.71826047,-1.8184065,-0.29188246,6.14338
791,1747486276850,1.8994975,-1.688876,0.9344952,-1.7678064,-0.0037284256,6.356433
792,1747486276860,2.1774788,-1.5021724,0.9789136,-1.6101472,0.26045716,6.512494
793,1747486276870,2.8000689,-1.244692,0.7807391,-1.5222629,0.4788364,6.343117
794,1747486276880,3.2469375,-0.9169231,0.48713827,-1.609082,0.6114618,5.830725
795,1747486276890,3.4255874,-0.60867876,-0.106164895,-2.7569044,0.28549087,4.794223
796,1747486276900,3.2464495,-0.5608435,-0.004881145,-3.8679752,-0.092145376,4.7287087
797,1747486276910,3.239616,-0.44686884,0.3499781,-4.6738477,-0.112918034,4.8102016
798,1747486276920,3.312345,-0.3922,0.7895252,-5.2490907,0.27377295,4.764928
799,1747486276930,3.19715,-0.41562948,1.3264512,-5.4285874,0.8681905,4.886901
800,1747486276940,3.0321672,-0.058573738,1.3784354,-5.296495,1.6447684,5.58891
801,1747486276950,3.201299,0.25406358,1.0897156,-5.4898405,1.1659319,5.6842513
802,1747486276960,3.377752,0.5688974,1.0550594,-5.7444386,0.30146983,5.5649414
803,1747486276970,3.5590868,0.77244115,1.0877631,-6.0064936,-0.6087986,5.448295
804,1747486276980,3.679163,1.6295702,1.7364672,-6.111422,-2.6589,6.1401844
805,1747486276990,4.708841,2.2314155,2.4325185,-5.6629457,-3.3822145,6.5337996
806,1747486277000,6.143897,2.6363065,2.9469912,-5.017928,-3.7997983,6.3457804
807,1747486277010,6.88095,3.1278377,3.644751,-4.0927463,-3.675695,5.6677394
808,1747486277020,6.8506866,3.9144342,4.506029,-2.6317358,-3.1712923,5.061604
809,1747486277030,7.9079432,4.9738865,4.9057946,1.2154667,-2.4639566,3.4360106
810,1747486277040,7.9967794,5.342657,4.0554996,2.6088326,-2.4240093,1.9473034
811,1747486277050,7.9967794,5.481526,2.869137,2.900715,-1.9622171,0.27004454
812,1747486277060,7.9967794,5.344854,2.0002933,2.2748723,-0.85753787,-1.2490226
813,1747486277070,7.1423354,4.777177,1.6129744,0.85966843,0.98803276,-2.667955
814,1747486277080,5.663348,3.111486,2.0303123,-0.68816084,3.8221688,-3.989948
815,1747486277090,5.0468597,2.2831554,2.6321573,-0.32810146,4.4932857,-4.405934
816,1747486277100,4.4066978,1.6661788,3.1429691,0.87298423,4.5348306,-4.620052
817,1747486277110,3.88051,1.1478013,3.2950168,2.5635588,3.9318912,-4.6797066
818,1747486277120,3.5742183,0.8097819,2.9711528,4.215784,2.95025,-4.69249
819,1747486277130,3.4297366,0.44906533,1.7203596,5.9937105,1.2921658,-4.922587
820,1747486277140,3.7111344,0.38561043,1.0038075,5.812083,0.9187906,-5.6128783
821,1747486277150,3.5532296,0.433201635,0.148996942,5.026983,0.98803276,-6.338856
822,1747486277160,3.4165576,0.42563587,-0.012690976,3.9020636,1.3448963,-6.8714886
823,1747486277170,3.077806,0.3128814,-0.06443111,2.7638285,1.9318571,-7.13887
824,1747486277180,2.6145852,-0.12983845,0.6282034,1.4365091,2.8426583,-7.386011
825,1747486277190,2.3549085,-0.39244407,1.2656809,1.6170714,2.9955237,-7.4334154
826,1747486277200,2.1581984,-0.601113,1.7293897,2.2983081,2.9028456,-7.386011
827,1747486277210,2.1581984,-0.601113,1.7293897,2.2983081,2.9028456,-7.386011
828,1747486277220,1.9595356,-1.0045396,2.0661886,4.3249736,2.0554278,-7.121293
829,1747486277230,2.2411778,-1.2869139,1.5697763,5.763613,0.99282646,-6.913566
830,1747486277240,2.3785818,-1.3428029,1.2856936,5.820072,0.6428871,-6.9140987
831,1747486277250,2.4969497,-1.3657444,1.087519,5.6549563,0.4293016,-6.951383
832,1747486277260,2.8884175,-1.4499441,1.0118613,5.3929014,0.34993938,-7.1378045
833,1747486277270,2.8884175,-1.4499441,1.1143653,5.1521516,0.3089267,-7.4307523
834,1747486277280,2.725387,-1.5077857,1.1744035,4.954545,0.40213734,-7.750864
835,1747486277290,2.5848103,-1.5873483,1.1856301,4.9247174,0.5784386,-7.6906767
836,1747486277300,2.4493585,-1.6122422,1.1329137,4.9172606,0.76485986,-7.5186367
837,1747486277310,2.2538686,-1.5927176,0.9654905,4.89276,0.8452873,-7.2912025
838,1747486277320,2.1811397,-1.5885686,0.8969103,4.861867,0.67484504,-7.032876
839,1747486277330,2.136477,-1.5675796,0.8412653,4.871987,0.47297743,-6.9860044
840,1747486277340,2.0959636,-1.57038635,0.813076725,4.881574499999999,0.344879375,-6.9801455
841,1747486277350,1.8985213,-1.5993071,0.7321718,4.9103365,-0.08841695,-6.915164
842,1747486277360,1.6439695,-1.5268221,0.5427833,4.818191,-0.73290193,-6.588128
843,1747486277370,1.6151708,-1.4819156,0.41684976,4.6008773,-0.9550096,-6.358031
844,1747486277380,1.582223,-1.4470154,0.29067218,4.1353564,-0.97738016,-5.9835906
845,1747486277390,1.57014225,-1.4065019,0.2668766,3.9025962,-0.85567368,-5.816344
846,1747486277400,1.5224291,-1.2437156,0.28725538,3.2836776,-0.34993938,-5.3534865
847,1747486277410,1.3830724,-1.040172,0.4515059,2.9518478,0.13475595,-4.8714542
848,1747486277420,1.3008251,-0.97281224,0.5759751,3.10205,0.039947417,-4.7510796
849,1747486277430,1.1316935,-0.9449896,0.6501685,3.4312167,-0.23648871,-4.686631
850,1747486277440,0.9405966,-0.95938903,0.64357895,3.8488004,-0.68336713,-4.5673213
851,1747486277450,0.7426662,-0.99136055,0.4458926,4.5902247,-1.8327875,-4.247742
852,1747486277460,0.7370529,-0.992946895,0.39537275,4.7255132,-2.12333835,-4.243480849999999
853,1747486277470,0.5020258,-1.1353543,0.20769271,5.040299,-2.684999,-4.1843586
854,1747486277480,0.3252063,-1.18904685,0.092497693,5.064001,-2.7398602,-4.0738375
855,1747486277490,-0.19060871,-1.6266416,-0.8778739,4.636564,-2.4165523,-3.4967306
856,1747486277500,-0.63064396,-1.8614246,-1.3911263,3.690076,-2.2540996,-3.315103
857,1747486277510,-0.63064396,-1.8614246,-1.3911263,3.690076,-2.2540996,-3.315103
858,1747486277520,-1.615659,-2.097428,-1.8499539,1.200553,-1.9723371,-2.4426515
859,1747486277530,-1.71303785,-2.152829,-1.8653295,0.5243764049999999,-1.9358518,-2.1856564
860,1747486277540,-1.688876,-2.2755897,-1.3755066,-2.8405278,-1.478587,-1.0945592
861,1747486277550,-1.5378047,-2.3002396,-1.039928,-3.6314864,-1.0785803,-1.0737866
862,1747486277560,-1.4867967,-2.3685756,-0.7670719,-4.245079,-0.92944324,-1.2820457
863,1747486277570,-1.6488507,-2.5120814,-0.4834774,-4.5811696,-0.78563255,-1.5675366
864,1747486277580,-2.0012693,-2.6331336,-0.35315084,-4.8059406,-0.73290193,-1.7060211
865,1747486277590,-2.8134918,-3.107581,-0.25308737,-5.3817163,-0.48948902,-1.4476944
866,1747486277600,-3.1783576,-3.2562118,-0.035876416,-5.5564194,-0.13422333,-1.063134
867,1747486277610,-3.4902627,-3.3826334,0.23819989,-5.541506,0.23755397,-0.48948902
868,1747486277620,-3.7330995,-3.439987,0.64431113,-5.0466905,0.59388494,0.4926848
869,1747486277630,-3.9964373,-3.3196669,1.1609803,-4.115649,0.74302197,1.5494272
870,1747486277640,-3.4773278,-3.0629184,1.381608,-1.4290522,0.72171664,3.7294908
871,1747486277650,-2.95895,-2.8371654,1.0518868,-0.26844665,0.6002765,4.5305696
872,1747486277660,-2.2660716,-2.6297169,0.56645685,0.5267733,0.57151437,5.063202
873,1747486277670,-1.3798997,-2.3866358,-0.060038086,0.88683265,0.6876282,5.227785
874,1747486277680,-0.552301535,-1.9246355,-0.83809255,0.525708,1.1068097,5.254417
875,1747486277690,-0.45907167,-1.8609366,-0.8754333,0.1933455,1.2554141,5.472796
876,1747486277700,-0.23746772,-1.7738081,-0.8266219,-0.09960223,1.2543489,5.9010324
877,1747486277710,-0.23746772,-1.7738081,-0.8266219,-0.09960223,1.2543489,5.9010324
878,1747486277720,0.42051062,-1.6061407,-0.6355251,-0.2759035,0.96566224,6.5843997
879,1747486277730,0.99087244,-1.4465274,-0.5025139,-0.49801114,0.74941355,6.9817433
880,1747486277740,1.2090596,-1.3969837,-0.3922,-0.65247446,0.6487461,7.1026506
881,1747486277750,1.3906382,-1.3462198,-0.16547081,-0.7307714,0.55340487,7.197992
882,1747486277760,1.5070535,-1.3296238,0.0024405725,-0.72278196,0.47990164,7.316769
883,1747486277770,1.58869065,-1.3313322,0.05942793625,-0.7017429799999999,0.46392268,7.372429
884,1747486277780,1.9551427,-1.3076587,0.15033926,-0.6359629,0.4825648,7.542605
885,1747486277790,2.0908384,-1.3237665,0.1581491,-0.6982809,0.46978164,7.556986
886,1747486277800,2.1757705,-1.3140042,0.18157859,-0.7653925,0.4607269,7.590009
887,1747486277810,2.2148197,-1.3061944,0.20134723,-0.87032104,0.48735848,7.661382
888,1747486277820,2.3261096,-1.2769076,0.24918245,-1.0002834,0.54435015,7.7205043
889,1747486277830,2.4818182,-1.2163813,0.30922052,-1.1387677,0.6130597,7.6997313
890,1747486277840,2.6721828,-1.1451166,0.44662476,-1.3464943,0.680704,7.3508573
891,1747486277850,2.7195299,-1.1416998,0.47737598,-1.4274544,0.64341974,7.0595074
892,1747486277860,2.6675458,-1.1146095,0.541319,-1.5121429,0.6125271,6.6786757
893,1747486277870,2.5460052,-1.0899596,0.6228341,-1.53824185,0.625842885,6.564958600000001
894,1747486277880,2.340509,-1.0924002,0.6626154,-1.7912422,0.97738016,6.237656
895,1747486277890,2.2453265,-1.090936,0.6716455,-1.9734024,1.2761868,6.2078285
896,1747486277900,2.131352,-1.0977695,0.6770148,-2.2034996,1.567004,6.241917
897,1747486277910,2.0995025,-1.1227854000000002,0.68445855,-2.3334618,1.70016205,6.2733423
898,1747486277920,2.0532537,-1.1604922,0.77805454,-2.6738138,2.0154803,6.339389
899,1747486277930,2.067653,-1.1199788,0.9340071,-2.6977823,2.0341225,6.2206116
900,1747486277940,2.1215897,-1.07434,0.95060295,-2.5465147,1.7992316,5.9953084
901,1747486277950,2.1877291,-0.99233675,0.9108216,-2.3728766,1.5185345,5.7151437
902,1747486277960,2.1906579,-0.9061846,0.8593256,-2.2194786,1.180313,5.4142065
903,1747486277970,2.0312884,-0.8112463,0.8978866,-1.9275961,0.7099988,5.0797133
904,1747486277980,1.9453802,-0.8105141,1.0079564,-1.690042,0.690824,5.0520167
905,1747486277990,1.8719192,-0.7900133,1.1153417,-1.391768,0.77924097,5.090899
906,1747486278000,1.8772882,-0.77048874,1.0523748,-1.135572,0.97738016,5.1606736
907,1747486278010,2.1772346,-0.58939826,0.6221019,-1.1856394,1.6303873,5.2283177
908,1747486278020,2.455216,-0.41001618,0.37658033,-1.1856394,1.6303873,5.2283177
909,1747486278030,2.7463763,-0.27187976,0.16595893,-2.1928468,1.9643476,4.3063316
910,1747486278040,2.988237,-0.093473926,0.16180995,-2.7755466,1.8333201,3.623497
911,1747486278050,3.0228932,0.13276714,0.42954078,-3.1190944,1.526524,2.9177594
912,1747486278060,2.5696788,0.22965786,1.1268123,-3.113768,1.2783173,2.3872576
913,1747486278070,2.4669306,0.22477673,1.2002735,-2.9374666,1.7550232,2.6114957
914,1747486278080,2.5596724,0.34607318,1.0113733,-2.88953,2.4037693,2.8000476
915,1747486278090,2.5159862,0.75999427,0.5684093,-3.1302795,2.9885995,2.958772
916,1747486278100,2.7685854,1.9588034,-0.14814276,-3.678358,3.1691618,2.9273467
917,1747486278110,2.79286905,2.09803805,-0.0894469865,-4.21258825,2.22160905,2.60643575
918,1747486278120,2.8015331,2.4284917000000004,0.1546102685,-4.581702,0.07829694,2.466087
919,1747486278130,2.83094205,2.9911657500000004,0.629179625,-4.21818065,-0.59548283,2.7278759
920,1747486278140,2.8759706,3.3626208,0.9183875,-3.8546593,-1.2692626,2.9896648
921,1747486278150,5.8937387,5.1137314,1.0045396,-1.412008,-3.3619747,3.2538502
922,1747486278160,6.7425694,5.404892,1.0118613,-1.3241237,-2.6349316,2.2807312
923,1747486278170,7.0071273,5.6509013,1.155367,-1.3502227,-1.7193369,1.1659319
924,1747486278180,7.3129315,5.4678583,1.3540297,-1.2410331,-0.908138,-0.33182988
925,1747486278190,7.474253,4.9089675,1.5070535,-1.0902982,-0.7520767,-1.6074841
926,1747486278200,6.8067565,3.9095533,1.4438426,-1.4050838,-0.3334278,-3.8211036
927,1747486278210,6.331089,3.0997713,1.347684,-2.1411815,0.48842376,-4.6429553
928,1747486278220,5.7016654,2.319032,1.5258459,-2.8714204,1.7124126,-5.2102084
929,1747486278230,4.937766,1.5497636,1.9539223,-3.2016523,3.075951,-5.490373
930,1747486278240,4.3423885,1.138161025,2.37138225,-2.45516825,3.78488465,-5.468268800000001
931,1747486278250,3.4009378,0.5610876,2.8969595,-0.1667139,4.111388,-5.189436
932,1747486278260,3.288427,0.4842096,2.7180655,1.7837853,2.8852687,-4.9833074
933,1747486278270,3.3020947,0.42954078,2.2262902,2.9715552,1.8578212,-5.0104713
934,1747486278280,3.3091724,0.42246306,1.6839949,3.6256275,1.1068097,-5.1883707
935,1747486278290,3.2510867,0.42099872,0.7609705,3.6096487,0.6870956,-5.88026
936,1747486278300,3.1598094,0.38268176,0.46444094,3.1334753,0.77125144,-6.2792015
937,1747486278310,2.9477234,0.31995904,0.32337585,2.541721,0.90014845,-6.6424565
938,1747486278320,2.7339292,0.19500175,0.38097337,1.9744676,1.1057445,-6.8826737
939,1747486278330,2.5294094,-0.010982576,0.55108124,1.5211977,1.5339808,-7.021158
940,1747486278340,2.378094,-0.3692586,1.1878266,1.7315874,2.1598237,-7.1394024
941,1747486278350,2.3522236,-0.5972081,1.4682485,2.3185482,1.9707392,-7.2304826
942,1747486278360,2.3209843,-0.70093242,1.5352422,2.69911385,1.79576955,-7.2576468
943,1747486278370,2.2375169,-0.9823304,1.6044323,3.8791604,1.1361046,-7.332748
944,1747486278380,2.23129335,-1.05688985,1.5393911,4.2163167,0.84182525,-7.3636405
945,1747486278390,2.2157958,-1.25299,1.1988091,4.9822416,-0.017576864,-7.4461985
946,1747486278400,2.2436182,-1.3149804,0.66847277,4.8608017,-0.8032094,-7.3476615
947,1747486278410,2.3514917,-1.3022895,0.4807928,4.415521,-0.9038769,-7.2635055
948,1747486278420,2.4320304,-1.2832531,0.36047253,3.6623793,-0.6860303,-7.154316
949,1747486278430,2.408113,-1.2549424,0.41026023,2.5241442,0.1635181,-6.8411283
950,1747486278440,2.3756533,-1.2139407,0.55059314,2.2445123,0.45380265,-6.7148943
951,1747486278450,2.331723,-1.1992973,0.6631035,2.1667478,0.5768407,-6.605172
952,1747486278460,2.3156152,-1.1961246,0.7226535,2.2248049,0.5763081,-6.547648
953,1747486278470,2.318788,-1.2075952,0.79611474,2.3915186,0.4415521,-6.583867
954,1747486278480,2.4293458,-1.3820962,0.86201024,2.9720879,-0.1933455,-6.7761474
955,1747486278490,2.431054,-1.5314592,0.8295506,3.2261534,-0.5571333,-6.8171597
956,1747486278500,2.387612,-1.658613,0.8351639,3.4466631,-0.8341021,-6.66749
957,1747486278510,2.2414217,-1.6559285,0.8258897,3.584615,-0.7643272,-6.42461
958,1747486278520,2.1218338,-1.5824672,0.77146494,3.6634445,-0.4383563,-6.156163
959,1747486278530,1.9961443,-1.4184607,0.5449798,3.639476,0.5203817,-5.797702
960,1747486278540,1.9832091,-1.4025971,0.4080637,3.5350802,0.85700524,-5.791843
961,1747486278550,1.7891837,-1.4418901,0.2608972,3.391802,0.9550096,-5.8094196
962,1747486278560,1.564407,-1.4360328,0.16449459,3.2160335,0.7414241,-5.7811904
963,1747486278570,1.2566508,-1.3528093,0.119343996,3.1057785,0.40426785,-5.7630806
964,1747486278580,1.03163,-1.3720899,0.08444381,2.828277,-0.23755397,-5.5851817
965,1747486278590,0.68336034,-1.3847809,0.13471961,2.7031085,-0.26844665,-5.2299156
966,1747486278600,0.447601,-1.317421,0.32972133,2.7601001,-0.14487597,-4.75321
967,1747486278610,0.32996538,-1.3559821,0.47273886,2.8836708,-0.0633832365,-4.539358
968,1747486278620,0.15375607,-1.4702009,0.41514137,3.2969935,0.17044231,-3.9974048
969,1747486278630,-0.34973404,-1.7345148,-0.20598431,3.5302863,0.09960223,-3.7491982
970,1747486278640,-0.62356627,-1.8775325,-0.67750293,3.2368062,-0.21731395,-3.7129793
971,1747486278650,-0.7746377,-2.0308003,-1.0987457,2.6136262,-0.6380934,-3.601659
972,1747486278660,-0.82845232,-2.08559115,-1.27410085,2.0210729,-0.84049365,-3.5723643000000003
973,1747486278670,-0.88226694,-2.140382,-1.449456,0.898816865,-1.1446267,-3.51137795
974,1747486278680,-1.6178555,-2.3651588,-1.0762925,-1.1100056,-1.0237192,-3.0072415
975,1747486278690,-1.8819253,-2.4737642,-0.8978866,-1.5222629,-0.7302388,-2.7217507
976,1747486278700,-2.2279985,-2.5564997,-0.8339436,-1.8466359,-0.46871635,-2.4687505
977,1747486278710,-2.737102,-2.6267881,-0.6811638,-2.0682108,-0.2860235,-2.1273332
978,1747486278720,-3.125397,-2.725387,-0.58305275,-2.1576931,-0.15978967,-1.514806
979,1747486278730,-3.3582275,-2.698541,-0.58964235,-2.3228092,0.28122982,-0.0974717
980,1747486278740,-3.2525508,-2.7353938,-0.7524285,-2.6051042,0.77924097,0.4032026
981,1747486278750,-3.3301609,-2.787866,-0.91448253,-2.97049,1.0908308,0.6737798
982,1747486278760,-3.5305321,-3.00947,-0.9669548,-3.674097,1.4908376,1.242631
983,1747486278770,-3.6445067,-3.1356475,-0.86323047,-3.7771615,1.55741665,1.4889734
984,1747486278780,-3.7755656,-3.1646905,-0.6433349,-3.8551922,1.5781893,2.4916537
985,1747486278790,-3.7152835,-3.1541959,-0.511055875,-3.70445715,1.479386,2.9731531
986,1747486278800,-3.6550014,-3.1437013,-0.37877685,-3.5537221,1.3805827,3.4546525
987,1747486278810,-1.9588034,-2.554059,-0.22258021,-2.150769,0.8048073,5.69011
988,1747486278820,-1.3454876,-2.3246453,-0.36510965,-1.8269285,0.700944,6.2488413
989,1747486278830,-1.05237485,-2.24984165,-0.439303055,-1.83891275,0.65993133,6.4283383
990,1747486278840,-0.15766099,-2.033485,-0.6279593,-2.1236048,0.55287224,6.8592377
991,1747486278850,0.8005078,-1.8099285,-0.49079913,-2.9912627,0.44421527,7.1015854
992,1747486278860,1.1768441,-1.7164546,-0.20256752,-3.303385,0.38775626,7.1623054
993,1747486278870,1.4035733,-1.6766733,0.082735404,-3.375823,0.34248254,7.2235584
994,1747486278880,1.5421977,-1.615659,0.36315718,-3.1957934,0.24394555,7.3039856
995,1747486278890,1.6810663,-1.5766098,0.58158845,-2.7814054,0.027164243,7.374826
996,1747486278900,1.8736275,-1.5295068,0.86201024,-1.1680624,-0.92464954,7.4147735
997,1747486278910,1.9871141,-1.5270662,0.81783587,-0.7784419499999999,-1.14515927,7.4099796
998,1747486278920,2.152341,-1.496071,0.6960513,0.28495824,-1.6399746,7.335411
999,1747486278930,2.30268,-1.4435986,0.5130083,0.79894835,-1.7417074,7.1995897
1000,1747486278940,2.4796216,-1.2647047,0.025870068,1.1116035,-1.6170714,6.983341
1001,1747486278950,2.5474696,-1.1004542,-0.17889395,0.86233157,-1.3992249,6.988135
