id,timestamp,acc_x,acc_y,acc_z,gyro_x,gyro_y,gyro_z
0,1747638540.2856293,-0.19120018,0.9116996,0.114823766,-0.54136336,-0.7082774,0.62734014
1,1747638540.3110142,-0.19168802,0.908742,0.25126466,-0.49089214,-0.5903839,0.49417543
2,1747638540.3120174,-0.19168802,0.908742,0.25126466,-0.49089214,-0.5903839,0.49417543
3,1747638540.3267744,-0.32761055,0.9587754,0.30276155,-0.026037365,-1.4724473,0.37139514
4,1747638540.326815,-0.32761055,0.9587754,0.30276155,-0.026037365,-1.4724473,0.37139514
5,1747638540.3419883,-0.3734974,0.97685575,0.22562292,0.123467505,-1.8413991,0.36345413
6,1747638540.357171,-0.39816347,0.960239,0.16119842,0.18203248,-2.0020518,0.41171107
7,1747638540.3581727,-0.43304357,0.9580437,0.1094576,0.18203248,-2.0020518,0.41171107
8,1747638540.3728228,-0.46380752,0.9690504,0.07799236,0.10414946,-1.9293611,0.5949652
9,1747638540.3877704,-0.41060326,1.0010035,0.14949043,-0.107050985,-1.3337849,1.1526688
10,1747638540.3887732,-0.41060326,1.0010035,0.14949043,-0.107050985,-1.3337849,1.1526688
11,1747638540.402857,-0.25220984,1.0195411,0.24784984,-0.081471756,-1.1890142,1.2559019
12,1747638540.4182673,-0.052350618,0.9736849,0.34325173,0.1241547,-0.9935431,1.1251806
13,1747638540.4193144,-0.052350618,0.9736849,0.34325173,0.1241547,-0.9935431,1.1251806
14,1747638540.4334564,-0.020854875,0.9580437,0.3857237,0.45935714,-0.83899873,0.88084173
15,1747638540.4484317,-0.19802985,1.0327432,0.3430078,0.96154994,-0.9856021,0.7660025
16,1747638540.449432,-0.19802985,1.0327432,0.3430078,0.96154994,-0.9856021,0.7660025
17,1747638540.463705,-0.25903952,1.0556713,0.300048,1.1391538,-1.1413682,0.8411367
18,1747638540.4783962,-0.14263028,1.0651841,0.087017275,1.2955307,-1.6221049,1.3444748
19,1747638540.4795115,-0.14263028,1.0651841,0.087017275,1.2955307,-1.6221049,1.3444748
20,1747638540.4938946,0.012104365,1.0185655,0.029178532,1.1709179,-1.6190506,1.4666443
21,1747638540.5091023,0.2973954,0.9446283,0.08579769,0.9447516,-1.4382398,1.3609676
22,1747638540.5111668,0.2973954,0.9446283,0.08579769,0.9447516,-1.4382398,1.3609676
23,1747638540.5241857,0.292761,0.93023723,0.14095335,0.9185616,-1.2317735,1.0793672
24,1747638540.5396166,0.23784924,0.93048114,0.12973318,0.9185616,-1.2317735,1.0793672
25,1747638540.540617,0.23784924,0.93048114,0.12973318,0.92291385,-1.1700779,1.1349542
26,1747638540.555045,0.41380462,0.897278,0.14412427,0.8955021,-1.1511416,1.2607888
27,1747638540.5560842,0.41380462,0.897278,0.14412427,0.8736643,-1.2250541,1.3139324
28,1747638540.5705113,0.60634637,0.8430979,0.20854875,0.9945357,-1.6104988,1.175881
29,1747638540.5857303,0.7054375,0.8035835,0.28468126,1.209554,-1.9030946,1.0195041
30,1747638540.5868173,0.7054375,0.8035835,0.28468126,1.209554,-1.9030946,1.0195041
31,1747638540.6018164,0.6978761,0.77647823,0.24467891,1.6593666,-2.0942898,0.8649597
32,1747638540.6169755,0.6983639,0.7322988,-0.11628727,1.6269916,-1.6104988,0.92970955
33,1747638540.6180613,0.6983639,0.7322988,-0.11628727,1.6269916,-1.6104988,0.92970955
34,1747638540.6324275,0.7183651,0.7276644,-0.26538134,1.1945882,-1.2959125,0.97979903
35,1747638540.6477244,0.84428704,0.7179077,-0.24391668,0.21692713,-0.85060483,1.0824213
36,1747638540.6487253,0.84428704,0.7179077,-0.24391668,0.21692713,-0.85060483,1.0824213
37,1747638540.6637452,1.055153,0.7183956,0.111896776,-0.26281703,-0.7601994,0.97918814
38,1747638540.6797988,1.0964055,0.72888404,0.22635466,-0.17309885,-0.83044684,0.6646018
39,1747638540.6807995,1.0964055,0.72888404,0.22635466,-0.17309885,-0.83044684,0.6646018
40,1747638540.6950994,1.1173823,0.73571366,0.24516673,0.12789614,-0.6062659,0.3903314
41,1747638540.696171,1.1173823,0.73571366,0.24516673,0.12789614,-0.6062659,0.3903314
42,1747638540.7105155,1.0719832,0.68741816,0.14436817,0.22379917,-0.31855685,0.1643179
43,1747638540.7258716,0.989509,0.6896134,0.12238518,0.20639002,-0.15607147,0.043370154
44,1747638540.72694,0.989509,0.6896134,0.12238518,0.20639002,-0.15607147,0.043370154
45,1747638540.7405183,0.91237026,0.6695818,0.1490026,0.1565296,-0.12430742,-0.004886778
46,1747638540.7560792,1.0942101,0.57613117,0.17046726,0.32290915,-0.2562504,-0.06230642
47,1747638540.7570794,1.0942101,0.57613117,0.17046726,0.32290915,-0.2562504,-0.06230642
48,1747638540.7716963,1.1800992,0.5380497,0.14802693,0.39575267,-0.14507623,-0.17225893
49,1747638540.786853,1.214766,0.5251221,0.07040045,0.44187164,-0.0015271181,-0.31038678
50,1747638540.787948,1.214766,0.5251221,0.07040045,0.44439137,0.13293563,-0.45760095
51,1747638540.8015795,1.1554638,0.55341643,0.017714448,0.36215606,0.383383,-0.68911207
52,1747638540.8167708,1.0807643,0.5617096,0.02844678,0.2673984,0.5568636,-0.8021188
53,1747638540.8178372,1.0265843,0.5617096,0.09213952,0.2673984,0.5568636,-0.8021188
54,1747638540.8315568,0.983411,0.5441476,0.17168686,0.29045787,0.71629477,-0.79478866
55,1747638540.8472037,0.99536294,0.55683124,0.28004685,0.6076403,0.4359159,-0.6988856
56,1747638540.8482366,0.99536294,0.55683124,0.28004685,0.6076403,0.4359159,-0.6988856
57,1747638540.8628178,1.0178033,0.5382936,0.22489117,0.74782974,0.2526617,-0.7440883
58,1747638540.8787947,0.9597206,0.59466887,0.122629106,0.929175,0.25877017,-1.0482903
59,1747638540.8797753,0.9597206,0.59466887,0.122629106,0.929175,0.25877017,-1.0482903
60,1747638540.893556,0.7864483,0.5910101,0.05722895,1.0456941,0.3974325,-1.2107756
61,1747638540.9088564,0.681991,0.58515614,0.03137378,1.0774583,0.39315656,-1.1545777
62,1747638540.9098592,0.681991,0.58515614,0.03137378,1.0774583,0.39315656,-1.1545777
63,1747638540.9243114,0.59780926,0.6268963,0.041618284,1.111742,0.23433629,-1.0476794
64,1747638540.9394908,0.43331796,0.75013524,-0.04381353,1.0930349,-0.111479625,-0.96949095
65,1747638540.9406292,0.43331796,0.75013524,-0.04381353,1.0930349,-0.111479625,-0.96949095
66,1747638540.9546227,0.2868765,0.8352927,-0.04085604,1.0637141,-0.20249587,-0.8619818
67,1747638540.9698346,0.19147459,0.8841065,0.005000292,1.228872,-0.31061584,-0.4258369
68,1747638540.970839,0.19147459,0.8841065,0.005000292,1.228872,-0.31061584,-0.4258369
69,1747638540.9850895,0.32105532,0.85285467,-0.14970386,1.4880239,-0.39124766,0.019547112
70,1747638540.9860928,0.32105532,0.85285467,-0.14970386,1.4880239,-0.39124766,0.019547112
71,1747638541.0007622,0.39206555,0.8714228,-0.25781992,1.4357201,-0.42850935,0.043981
72,1747638541.0159168,0.43283013,0.9224319,-0.3383734,1.2817866,-0.47065783,-0.04459185
73,1747638541.0170283,0.43283013,0.9224319,-0.3383734,1.2817866,-0.47065783,-0.04459185
74,1747638541.0313094,0.34154433,1.0476221,-0.38032708,0.9690328,-0.39613444,-0.3519244
75,1747638541.046888,0.11238461,1.0293283,-0.3398369,0.6768188,-0.2483094,-0.3922403
76,1747638541.0479317,0.11238461,1.0293283,-0.3398369,0.6768188,-0.2483094,-0.3922403
77,1747638541.0626771,0.06555261,1.0371337,-0.35398406,0.53594214,-0.18172707,-0.22173755
78,1747638541.0696309,0.064089105,1.0432316,-0.34837398,0.38521555,-0.12308572,-0.067804046
79,1747638541.079815,0.14534386,1.0214926,-0.29321834,0.11667182,-0.11942064,0.11972606
80,1747638541.099455,0.080919355,1.07738,-0.14263028,0.1776802,-0.19883078,0.087962
81,1747638541.1005714,0.080919355,1.07738,-0.14263028,0.1776802,-0.19883078,0.087962
82,1747638541.1155674,0.0521067,1.0837523,-0.056497198,0.44439137,-0.3710897,0.10628742
83,1747638541.1155987,0.07043094,1.0781116,-0.046252698,0.713546,-0.5830537,0.11667182
84,1747638541.1307032,0.09848136,1.0241756,-0.11701902,1.0992197,-0.8958075,0.06474981
85,1747638541.1460276,0.047960117,1.0671355,-0.30882898,1.4519076,-1.3264549,-0.00061084726
86,1747638541.1460276,0.047960117,1.0671355,-0.30882898,1.4519076,-1.3264549,-0.00061084726
87,1747638541.1615376,0.10433535,1.0498173,-0.5494528,1.2705623,-1.4156386,-0.0452027
88,1747638541.177191,-0.14945993,1.0359142,-0.81815743,0.35528404,-1.0925003,-0.40445724
89,1747638541.1781952,-0.14945993,1.0359142,-0.81815743,0.35528404,-1.0925003,-0.40445724
90,1747638541.1929982,-0.37252176,1.0244195,-0.8999001,-0.2192178,-0.71316415,-0.37086064
91,1747638541.2088087,-0.6763505,1.005638,-0.7622701,-0.82296395,-0.51463884,-0.21440738
92,1747638541.2098107,-0.6763505,1.005638,-0.7622701,-1.3469945,-0.39124766,0.13438639
93,1747638541.2171054,-0.6258597,0.99027115,-0.6412264,-1.6080554,-0.4071297,0.40560257
94,1747638541.2320087,-0.49893156,0.9329202,-0.48722354,-1.7277051,-0.5005893,0.6346703
95,1747638541.247228,-0.339593,0.91121167,-0.44478208,-1.6217232,-0.60137916,0.72935164
96,1747638541.2483253,-0.339593,0.91121167,-0.44478208,-1.6217232,-0.60137916,0.72935164
97,1747638541.2629278,-0.38130274,0.94145733,-0.40694448,-1.3064495,-0.64047337,0.5790832
98,1747638541.2785997,-0.55018455,1.033231,-0.4896627,-0.9631534,-0.8090672,0.58458084
99,1747638541.279578,-0.55018455,1.033231,-0.4896627,-0.9631534,-0.8090672,0.58458084
100,1747638541.293986,-0.5750945,1.0544518,-0.5416475,-0.9320002,-0.8774821,0.6267293
101,1747638541.3094761,-0.54408664,1.0625011,-0.5616791,-1.0821923,-0.8212841,0.7458445
102,1747638541.3104806,-0.54408664,1.0625011,-0.5616791,-1.0821923,-0.8212841,0.7458445
103,1747638541.325249,-0.4018222,1.1420788,-0.3857237,-1.214288,-0.43706122,0.7085828
104,1747638541.32625,-0.4018222,1.1420788,-0.3857237,-1.214288,-0.43706122,0.7085828
105,1747638541.3405924,-0.36983865,1.1579335,-0.3061459,-1.1806151,-0.28679278,0.6420005
106,1747638541.3559918,-0.37276566,1.174032,-0.22415942,-1.0721897,-0.11331217,0.5204419
107,1747638541.3560636,-0.37276566,1.174032,-0.22415942,-1.0721897,-0.11331217,0.5204419
108,1747638541.370841,-0.41426197,1.1893986,-0.08064495,-0.5438068,-0.013133216,0.27304873
109,1747638541.3869412,-0.40352964,1.1793981,-0.067717366,-0.2870982,0.02535016,0.20280129
110,1747638541.3869412,-0.40352964,1.1793981,-0.067717366,-0.2870982,0.02535016,0.20280129
111,1747638541.4028237,-0.26391783,1.1281451,-0.06844912,0.15591876,0.14087665,-0.01343864
112,1747638541.4182446,-0.2177871,1.1161932,-0.112872444,0.4736357,0.33512607,-0.33482066
113,1747638541.4183066,-0.2177871,1.1161932,-0.112872444,0.4736357,0.33512607,-0.33482066
114,1747638541.4334595,-0.22952558,1.1159493,-0.11848252,0.53846186,0.43286163,-0.3830776
115,1747638541.4487102,-0.15458219,1.0837523,-0.13019052,0.56648445,0.5654155,-0.42156097
116,1747638541.4497123,-0.15458219,1.0837523,-0.13019052,0.56648445,0.5654155,-0.42156097
117,1747638541.4648166,-0.028172374,0.9509702,-0.22928166,0.48799062,0.77921206,-0.8497649
118,1747638541.4658184,-0.028172374,0.9509702,-0.22928166,0.48799062,0.77921206,-0.8497649
119,1747638541.4806447,-0.11384811,0.916334,-0.25050244,0.42194274,0.91543096,-1.0739459
120,1747638541.4963086,-0.35398406,0.8950827,-0.24611193,0.37773266,0.96674216,-1.1906177
121,1747638541.497309,-0.35398406,0.8950827,-0.24611193,0.36337775,0.94658417,-1.1796224
122,1747638541.5109353,-0.4208477,0.93316424,-0.19266367,0.42629504,0.8005917,-0.94750047
123,1747638541.5261874,-0.3825223,0.91755354,-0.17607735,0.5260158,0.7517239,-0.7929561
124,1747638541.527214,-0.3825223,0.91755354,-0.17607735,0.78020465,0.69552594,-0.5192965
125,1747638541.5416033,-0.39179114,0.95316535,-0.20120077,0.9558996,0.6301653,-0.3067217
126,1747638541.5576062,-0.2866326,0.91560215,-0.37057042,1.2712495,0.45057622,0.37078428
127,1747638541.558697,-0.2866326,0.91560215,-0.37057042,1.2712495,0.45057622,0.37078428
128,1747638541.573457,-0.13019052,0.8987415,-0.42157948,1.3241642,0.26915458,0.571753
129,1747638541.5885274,0.25858217,0.8391954,-0.62049353,1.346002,-0.024739314,0.58519167
130,1747638541.58951,0.25858217,0.8391954,-0.62049353,1.346002,-0.024739314,0.58519167
131,1747638541.6035573,0.201963,0.916334,-0.777149,1.1721395,-0.31122667,0.18142164
132,1747638541.618873,0.064820856,0.97856325,-0.8149866,0.3658975,0.074217945,-0.1575986
133,1747638541.6198518,0.064820856,0.97856325,-0.8149866,0.3658975,0.074217945,-0.1575986
134,1747638541.6344352,-0.04622221,0.97953886,-0.8005955,-0.0820826,0.42736402,0.007330167
135,1747638541.6496594,-0.34617874,0.9734409,-0.54408664,-0.70331424,0.96246624,0.75012046
136,1747638541.6507466,-0.34617874,0.9734409,-0.54408664,-0.70331424,0.96246624,0.75012046
137,1747638541.6648612,-0.36861908,0.9805145,-0.4208477,-0.80242425,0.94719505,1.315765
138,1747638541.6805322,0.43478146,0.9116996,-0.19656636,-0.776845,0.18913358,1.9919729
139,1747638541.6815326,0.43478146,0.9116996,-0.19656636,-0.776845,0.18913358,1.9919729
140,1747638541.6957784,1.0444207,0.85654384,-0.13214186,-0.326956,-0.5671717,0.67009944
141,1747638541.6967828,1.0444207,0.85654384,-0.13214186,-0.326956,-0.5671717,0.67009944
142,1747638541.711268,0.90358925,0.9185292,-0.107506275,-0.075286925,-0.5433486,-0.019547112
143,1747638541.7268672,0.48091224,0.9846611,-0.080157116,0.4126273,-0.35520768,-0.42950198
144,1747638541.7279098,0.21952501,0.9863685,-0.06722953,0.4126273,-0.35520768,-0.42950198
145,1747638541.7420835,-0.0123177925,1.0053941,-0.0799132,0.64940697,-0.35337514,-0.3023694
146,1747638541.7581663,-0.26586917,0.9946617,-0.22050068,0.97277427,-0.38941512,0.41598698
147,1747638541.759263,-0.26586917,0.9946617,-0.22050068,0.97277427,-0.38941512,0.41598698
148,1747638541.774004,0.013567865,0.8792281,-0.43328747,0.8045622,-0.27885178,1.4580925
149,1747638541.7887917,0.53558004,0.81651103,-0.42767742,0.3671192,-0.34604496,1.6327947
150,1747638541.789792,0.53558004,0.81651103,-0.42767742,0.3671192,-0.34604496,1.6327947
151,1747638541.8041651,0.79132664,0.7987051,-0.336666,0.16149275,-0.6807893,1.2369657
152,1747638541.8188708,0.86331254,0.8084618,-0.1724186,0.1546207,-0.8371662,0.9309312
153,1747638541.8198733,0.86331254,0.8084618,-0.1724186,0.1546207,-0.8371662,0.9309312
154,1747638541.8344724,0.71446246,0.8316339,-0.15458219,0.4911212,-1.0356915,0.0787993
155,1747638541.8490977,0.26150915,0.8399271,-0.2929744,0.668725,-0.5201364,0.038483378
156,1747638541.8500981,0.26150915,0.8399271,-0.2929744,0.668725,-0.5201364,0.038483378
157,1747638541.864266,0.09287128,0.8250481,-0.3251714,0.59267455,-0.3771982,0.36101073
158,1747638541.8798823,0.10262794,0.7618432,-0.31882957,0.35902548,-0.2403684,1.1654966
159,1747638541.880885,0.10262794,0.7618432,-0.31882957,0.35902548,-0.2403684,1.1654966
160,1747638541.8950212,0.6651608,0.66397166,-0.23342825,0.33100286,-0.44927815,1.5607147
161,1747638541.896064,0.6651608,0.66397166,-0.23342825,0.33100286,-0.44927815,1.5607147
162,1747638541.9106982,0.9360608,0.64494616,-0.22415942,0.43629766,-0.6447493,1.1887088
163,1747638541.925937,0.95362276,0.6866864,-0.27931508,0.6094729,-0.63558656,0.41537613
164,1747638541.9270856,0.95362276,0.6866864,-0.27931508,0.6094729,-0.63558656,0.41537613
165,1747638541.940609,0.6942173,0.742086,-0.33934906,0.59458345,-0.3399365,0.15332267
166,1747638541.9559002,0.553142,0.77233166,-0.32837284,0.550297,-0.15729317,0.15210097
167,1747638541.956904,0.553142,0.77233166,-0.32837284,0.550297,-0.15729317,0.15210097
168,1747638541.9717033,0.41599986,0.7672094,-0.30980465,0.4786752,-0.040010497,0.61573404
169,1747638541.9869137,0.50871867,0.62076795,-0.27638808,0.57709795,-0.25319618,0.875955
170,1747638541.9879148,0.50871867,0.62076795,-0.27638808,0.6250495,-0.36498123,0.97124714
171,1747638542.002614,0.63979346,0.58881485,-0.31687826,0.6381827,-0.41812494,0.99201596
172,1747638542.018045,0.79132664,0.5470746,-0.3969439,0.65688986,-0.46882528,0.5803049
173,1747638542.0187714,0.79132664,0.5470746,-0.3969439,0.65688986,-0.46882528,0.5803049
174,1747638542.0332172,0.66223377,0.57613117,-0.4511239,0.55839074,-0.36253786,0.335966
175,1747638542.0491803,0.44819686,0.58564395,-0.26611307,0.46622917,0.06688777,0.47401747
176,1747638542.050182,0.44819686,0.58564395,-0.26611307,0.46622917,0.06688777,0.47401747
177,1747638542.0643764,0.44209895,0.57881427,-0.19241977,0.6368846,0.09193251,0.6578825
178,1747638542.0799263,0.6817471,0.5217073,-0.27175367,1.1328926,-0.5121954,0.8826743
179,1747638542.080627,0.6817471,0.5217073,-0.27175367,1.1328926,-0.5121954,0.8826743
180,1747638542.0952988,0.75205606,0.50899315,-0.36203334,1.182753,-0.7669187,0.80448586
181,1747638542.0963883,0.75205606,0.50899315,-0.36203334,1.182753,-0.7669187,0.80448586
182,1747638542.1109827,0.69004023,0.5665879,-0.46136835,1.0618817,-0.5476246,0.5473192
183,1747638542.1269252,0.6378421,0.54024494,-0.25708818,1.131671,-0.26541314,0.73362756
184,1747638542.1279347,0.6378421,0.54024494,-0.25708818,1.131671,-0.26541314,0.73362756
185,1747638542.1427298,0.76498365,0.47923526,-0.21708584,1.3945643,-0.51097375,0.82708716
186,1747638542.158001,1.2413529,0.38502246,-0.31419516,1.9434869,-1.2311627,0.61573404
187,1747638542.1590614,1.2413529,0.38502246,-0.31419516,1.9434869,-1.2311627,0.61573404
188,1747638542.1734722,1.3174853,0.41773778,-0.63659203,2.2612803,-1.51765,-0.037261683
189,1747638542.1885765,1.1630253,0.49338245,-0.72467643,2.256928,-1.2690352,-0.3897969
190,1747638542.1895766,1.1630253,0.49338245,-0.72467643,2.256928,-1.2690352,-0.3897969
191,1747638542.2038205,1.090277,0.5556117,-0.78961927,2.0282419,-0.9165763,-0.24311721
192,1747638542.2193913,1.338005,0.4382268,-0.9062724,1.0487484,-0.31061584,-0.24800399
193,1747638542.2209373,1.338005,0.4382268,-0.9062724,1.0487484,-0.31061584,-0.24800399
194,1747638542.2347198,1.246963,0.28056514,-0.86599565,0.5671717,-0.07482879,-0.49974942
195,1747638542.2498326,1.1615616,0.24300198,-0.78766793,-0.1369825,0.30641624,-0.877253
196,1747638542.2508864,1.1615616,0.24300198,-0.78766793,-0.1369825,0.30641624,-0.877253
197,1747638542.2650368,0.9748435,0.06509526,-0.5787533,0.16462334,0.35039726,-0.8931351
198,1747638542.266037,0.9748435,0.06509526,-0.5787533,0.16462334,0.35039726,-0.8931351
199,1747638542.2807057,0.91846824,0.04969802,-0.6182983,0.41132927,0.31313556,-0.86076015
200,1747638542.2959423,0.6873572,0.112445585,-0.91871214,0.66368556,0.21723256,-0.79478866
201,1747638542.2969463,0.6873572,0.112445585,-0.91871214,0.65001786,0.104760304,-0.76241374
202,1747638542.3107202,0.6119565,0.25227082,-0.8964852,0.37582377,0.20929155,-0.5809921
203,1747638542.3262098,0.96728206,0.24153848,-0.5850951,0.6094729,0.098651834,-0.36841726
204,1747638542.327297,0.96728206,0.24153848,-0.5850951,0.6094729,0.098651834,-0.36841726
205,1747638542.3414547,1.1081134,0.23300138,-0.56753314,0.9833877,-0.101706065,-0.4582118
206,1747638542.3572276,1.1925391,0.17491874,-0.8935582,1.5503304,-0.40163207,-0.74531
207,1747638542.3582318,1.1925391,0.17491874,-0.8935582,1.5503304,-0.40163207,-0.74531
208,1747638542.3721573,1.2042471,0.16122891,-1.0395119,1.3852489,-0.4511107,-0.85281914
209,1747638542.3873546,1.1481158,0.16610725,-1.1874168,0.6587224,-0.4083514,-1.193061
210,1747638542.3884642,1.1481158,0.16610725,-1.1874168,0.6587224,-0.4083514,-1.193061
211,1747638542.4026165,0.778643,0.32693982,-1.033414,-0.49829865,0.28320405,-1.4477843
212,1747638542.418494,0.6522332,0.30059683,-0.528476,-0.87839836,0.82197136,-1.2914075
213,1747638542.4195733,0.6522332,0.30059683,-0.528476,-0.87839836,0.82197136,-1.2914075
214,1747638542.433509,0.6685756,0.27812597,-0.12677568,-0.0640626,0.6038989,-0.83327204
215,1747638542.4492567,0.7344636,0.24446549,-0.24025792,0.8194516,-0.0051922016,-0.44721654
216,1747638542.4502587,0.7344636,0.24446549,-0.24025792,0.8194516,-0.0051922016,-0.44721654
217,1747638542.4644852,0.8757828,0.22053115,-0.38032708,0.9503256,-0.7382089,-0.9957574
218,1747638542.4797726,0.7295853,0.36843613,-0.5238415,0.7870767,-0.61481774,-1.2205492
219,1747638542.4807746,0.5953701,0.4384707,-0.5275003,0.7870767,-0.61481774,-1.2205492
220,1747638542.4944549,0.38426024,0.42749447,-0.24830718,0.67116845,-0.23242739,-1.3512704
221,1747638542.50995,0.28516906,0.3533133,-0.15604569,1.4968048,0.4010976,-1.0482903
222,1747638542.511043,0.28516906,0.3533133,-0.15604569,1.4968048,0.4010976,-1.0482903
223,1747638542.5254676,0.3093473,0.28523004,-0.2148906,2.0587842,0.35039726,-0.7465317
224,1747638542.526468,0.3093473,0.28523004,-0.2148906,2.0587842,0.35039726,-0.7465317
225,1747638542.5405788,0.33422682,0.21784808,-0.5040843,2.743544,-0.16645588,-0.33970743
226,1747638542.5560985,0.28126642,0.49557772,-0.7754416,2.6563456,-1.297745,-0.060473878
227,1747638542.5570996,0.28126642,0.49557772,-0.7754416,2.6563456,-1.297745,-0.060473878
228,1747638542.5713544,0.24638632,0.52146333,-0.89282644,2.5148582,-1.5402514,-0.087962
229,1747638542.587105,0.24784984,0.42090872,-1.1039364,2.0438185,-0.78524417,-0.005497625
230,1747638542.5882032,0.24784984,0.42090872,-1.1039364,2.0438185,-0.78524417,-0.005497625
231,1747638542.6019971,0.16485718,0.35282546,-1.1715318,1.5366626,0.051005747,0.04214846
232,1747638542.6178336,0.16485718,0.35282546,-1.1715318,1.2089431,0.28870168,0.0775776
233,1747638542.6190522,0.16485718,0.35282546,-1.1715318,0.89176065,0.17325155,0.15943113
234,1747638542.633235,-0.04914921,0.55585563,-1.1244253,0.73034424,-0.048562355,0.23334365
235,1747638542.6487803,-0.2956575,0.56561226,-1.1114978,0.44187164,-0.43583953,0.59679776
236,1747638542.6497815,-0.2956575,0.56561226,-1.1114978,0.44187164,-0.43583953,0.59679776
237,1747638542.6639252,-0.3732535,0.5143898,-1.1361638,0.23189288,-0.21349111,0.7446228
238,1747638542.6793852,-0.5518919,0.46728337,-1.0553665,0.09361234,0.040621344,0.8942804
239,1747638542.6799755,-0.5518919,0.46728337,-1.0553665,0.09361234,0.040621344,0.8942804
240,1747638542.6948302,-0.8135231,0.4604537,-1.1315295,0.40079215,-0.5476246,1.6040848
241,1747638542.6958873,-0.8135231,0.4604537,-1.1315295,0.40079215,-0.5476246,1.6040848
242,1747638542.7109382,-0.97923404,0.53341526,-1.3882517,0.35467318,-0.72599196,1.9626522
243,1747638542.7270055,-0.9267614,0.5321957,-1.5720124,-0.007941014,-0.5128063,2.339545
244,1747638542.7281027,-0.9267614,0.5321957,-1.5720124,-0.007941014,-0.5128063,2.339545
245,1747638542.742311,-0.7132124,0.5712528,-1.459018,-1.2248251,0.10048437,2.5705216
246,1747638542.7570128,-0.58021677,0.5885709,-1.2606224,-1.747634,0.1311031,2.3548162
247,1747638542.758014,-0.58021677,0.5885709,-1.2606224,-1.747634,0.1311031,2.3548162
248,1747638542.7728891,-0.5882661,0.63250643,-0.80962044,-1.9706696,-0.032069482,1.7629052
249,1747638542.7876847,-0.7217494,0.7867228,-0.66781336,-0.69644225,-0.46638188,1.4501514
250,1747638542.788685,-0.7217494,0.7867228,-0.66781336,-0.69644225,-0.46638188,1.4501514
251,1747638542.8029335,-0.65488577,0.8250481,-0.81645006,-0.08956548,-0.6887303,1.3786823
252,1747638542.8182218,-0.54311097,0.8267556,-1.0397558,0.35215345,-0.8182299,1.0909733
253,1747638542.8194976,-0.54311097,0.8267556,-1.0397558,0.35215345,-0.8182299,1.0909733
254,1747638542.834206,-0.36813122,0.85410476,-1.4016672,-0.47592637,-0.07482879,0.30053684
255,1747638542.849063,-0.36130157,0.8611783,-1.216443,-1.0217184,0.20440477,-0.5076904
256,1747638542.8500636,-0.36130157,0.8611783,-1.216443,-1.0217184,0.20440477,-0.5076904
257,1747638542.8643372,-0.48844314,0.8716667,-1.050976,-1.1319764,0.2581593,-1.0598963
258,1747638542.8791249,-0.92700535,1.0900941,-0.79718065,-0.50333816,-0.12613995,-1.7391585
259,1747638542.8806653,-0.92700535,1.0900941,-0.79718065,-0.50333816,-0.12613995,-1.7391585
260,1747638542.8868308,-0.8691666,1.0485977,-0.82669455,-0.09086353,-0.43522868,-1.6023287
261,1747638542.8959007,-0.6539101,0.9499944,-0.9067602,0.1963874,-0.6166503,-1.461223
262,1747638542.906866,-0.6539101,0.9499944,-0.9067602,0.1963874,-0.6166503,-1.461223
263,1747638542.917807,-0.2695279,0.70302886,-0.93822545,0.33657685,-0.5598415,-1.4349566
264,1747638542.9270985,0.06530869,0.540001,-0.8989244,0.24189551,-0.5329642,-1.6426446
265,1747638542.9375825,0.19147459,0.42212826,-0.86599565,0.2138729,-0.5250232,-1.8375049
266,1747638542.9478614,0.19147459,0.42212826,-0.86599565,0.2138729,-0.5250232,-1.8375049
267,1747638542.9564953,0.2432154,0.33840388,-0.8606295,0.21570544,-0.4950917,-2.0916173
268,1747638542.978954,0.115799434,0.32303715,-0.90554065,0.28427303,-0.40529716,-2.269374
269,1747638542.9808397,-0.36130157,0.38819337,-1.0607326,0.48050773,-0.31428093,-1.7745876
270,1747638542.9879558,-0.49576062,0.4162743,-1.0985701,0.51670045,-0.3955236,-1.2376529
271,1747638542.996776,-0.49722412,0.4165182,-1.1354321,0.51670045,-0.3955236,-1.2376529
272,1747638543.0067983,-0.44645897,0.4106642,-1.1364079,0.53227705,-0.39491275,-0.1692047
273,1747638543.017948,-0.13897152,0.37672928,-1.0229255,0.5522059,-0.273965,0.35306972
274,1747638543.0335424,0.4486847,0.34136137,-0.9848441,0.77524155,-0.65452284,0.38849884
275,1747638543.0491283,0.6180544,0.3606308,-1.3643479,0.79578125,-0.77974653,-0.47959146
276,1747638543.0491283,0.6180544,0.3606308,-1.3643479,0.79578125,-0.77974653,-0.47959146
277,1747638543.0647583,0.44673342,0.4426173,-1.4392608,0.4337779,-0.6502469,-0.7349256
278,1747638543.0806508,-0.031831127,0.57588726,-1.296478,-0.5893149,-0.40224293,-0.26816195
279,1747638543.0816538,-0.031831127,0.57588726,-1.296478,-0.5893149,-0.40224293,-0.26816195
280,1747638543.0959673,-0.06918087,0.5500016,-1.1644582,-0.84915406,-0.20921518,0.13011047
281,1747638543.0975828,-0.06918087,0.5500016,-1.1644582,-0.84915406,-0.20921518,0.13011047
282,1747638543.1113079,0.23025733,0.53634226,-0.87745976,-0.9749886,-0.013744064,0.72568655
283,1747638543.126434,0.8198953,0.43066534,-0.82840204,-0.6727719,-0.60321164,-0.02687728
284,1747638543.1274629,0.8198953,0.43066534,-0.82840204,-0.6727719,-0.60321164,-0.02687728
285,1747638543.1415682,0.72763395,0.4709421,-0.7996198,-0.58557343,-0.6581879,-0.40690064
286,1747638543.1571677,0.2666314,0.5582948,-0.7493425,-0.40987852,-0.6270347,-0.7764632
287,1747638543.158168,0.2666314,0.5582948,-0.7493425,-0.40987852,-0.6270347,-0.7764632
288,1747638543.1728365,-0.034270294,0.5617096,-0.7578796,-0.36994436,-0.48776153,-0.52051824
289,1747638543.1882803,-0.1343371,0.53780574,-0.72687167,-0.40858045,-0.16523418,0.19669282
290,1747638543.1892817,-0.1343371,0.53780574,-0.72687167,-0.40858045,-0.16523418,0.19669282
291,1747638543.2038786,-0.101621784,0.4179817,-0.66439855,-0.39178216,-0.043064732,0.4355341
292,1747638543.2192202,0.23980057,0.3664848,-0.56850874,-0.027946262,-0.13469182,0.7922689
293,1747638543.2205176,0.23980057,0.3664848,-0.56850874,-0.027946262,-0.13469182,0.7922689
294,1747638543.2349124,0.40279788,0.36843613,-0.58094853,0.18577392,-0.29045787,0.6297835
295,1747638543.2360296,0.40279788,0.36843613,-0.58094853,0.18577392,-0.29045787,0.6297835
296,1747638543.2504346,0.37596706,0.39822447,-0.7427568,0.66437274,-0.33504972,0.080020994
297,1747638543.2656004,0.10482319,0.4001758,-0.8898995,0.6717793,-0.13774605,-0.131943
298,1747638543.2667587,0.10482319,0.4001758,-0.8898995,0.6717793,-0.13774605,-0.131943
299,1747638543.2809756,0.0037807084,0.37185097,-0.930908,0.5415925,-0.05283829,-0.012827792
300,1747638543.29635,-0.06722953,0.3445323,-0.9585011,0.18142164,0.23006035,0.4495836
301,1747638543.2973514,-0.12945877,0.3354769,-0.945543,0.18142164,0.23006035,0.4495836
302,1747638543.3115873,-0.094304286,0.32572022,-0.8642883,-0.0035887277,0.37238777,0.8258655
303,1747638543.326795,0.058204614,0.29352322,-0.78864354,-0.02725906,0.39559996,1.0091196
304,1747638543.327889,0.058204614,0.29352322,-0.78864354,-0.02725906,0.39559996,1.0091196
305,1747638543.3416948,0.36425903,0.2642227,-0.7862044,0.140953,0.014965758,0.77333266
306,1747638543.3571131,0.24638632,0.26251534,-0.9360302,0.101706065,-0.029015245,0.0018325418
307,1747638543.3581138,0.24638632,0.26251534,-0.9360302,0.101706065,-0.029015245,0.0018325418
308,1747638543.372805,0.082626775,0.28376657,-0.92993236,-0.04352287,0.12743801,-0.08857285
309,1747638543.388676,-0.13653237,0.29327932,-0.83767086,-0.26655847,0.4145362,0.14293826
310,1747638543.3896794,-0.13653237,0.29327932,-0.83767086,-0.26655847,0.4145362,0.14293826
311,1747638543.4039068,-0.12653178,0.29864547,-0.6417143,-0.29397026,0.5422033,0.4123219
312,1747638543.419223,0.013811781,0.3018164,-0.625128,0.1596602,0.25571594,0.85885125
313,1747638543.4197962,0.013811781,0.3018164,-0.625128,0.1596602,0.25571594,0.85885125
314,1747638543.4345274,0.19342592,0.2669058,-0.67321,0.35719293,0.025961008,0.77883023
315,1747638543.4498224,0.187328,0.2891327,-0.98630756,0.51166093,-0.18172707,0.2675511
316,1747638543.4509153,0.187328,0.2891327,-0.98630756,0.51166093,-0.18172707,0.2675511
317,1747638543.4658468,0.085309856,0.30425555,-1.0131383,0.34528142,-0.11880979,0.15698774
318,1747638543.4669516,0.085309856,0.30425555,-1.0131383,0.34528142,-0.11880979,0.15698774
319,1747638543.4814763,-0.061863367,0.30767038,-0.99142975,0.019470757,0.044286426,0.2547233
320,1747638543.4970791,-0.041343875,0.32767156,-0.8830698,-0.22601348,0.30641624,0.6187883
321,1747638543.498081,-0.041343875,0.32767156,-0.8830698,-0.22601348,0.30641624,0.6187883
322,1747638543.5118175,0.08238286,0.3284033,-0.84084177,-0.20677179,0.23616882,0.6542174
323,1747638543.5271835,0.21952501,0.33352557,-0.882582,-0.112624966,0.08521319,0.46057883
324,1747638543.5281837,0.21952501,0.33352557,-0.882582,-0.112624966,0.08521319,0.46057883
325,1747638543.54232,0.15558834,0.35867947,-0.8955096,-0.099568106,0.06994201,0.33169007
326,1747638543.5570114,0.06628435,0.3960292,-0.8491654,-0.07650862,-0.07666133,0.33169007
327,1747638543.558012,0.06628435,0.3960292,-0.8491654,-0.07650862,-0.07666133,0.33169007
328,1747638543.5721903,0.072870106,0.38307112,-0.8803867,-0.09582666,-0.05467083,0.4202629
329,1747638543.5879629,0.1314406,0.36965573,-0.86502,-0.2216612,0.24410984,0.53326964
330,1747638543.5890043,0.1314406,0.36965573,-0.86502,-0.2216612,0.24410984,0.53326964
331,1747638543.6037314,0.22684251,0.34258097,-0.81840134,-0.2578539,0.31802234,0.53388053
332,1747638543.6192923,0.31495738,0.35209373,-0.7935219,-0.18554485,0.09376506,0.34146363
333,1747638543.6199315,0.31495738,0.35209373,-0.7935219,-0.18554485,0.09376506,0.34146363
334,1747638543.6352758,0.24565458,0.37648538,-0.7556844,0.06368083,-0.11209047,0.19669282
335,1747638543.6363363,0.24565458,0.37648538,-0.7556844,0.06368083,-0.11209047,0.19669282
336,1747638543.6504605,0.22147635,0.37209487,-0.793278,0.15156648,-0.13774605,0.24494976
337,1747638543.6657965,0.24419107,0.35648423,-0.8447749,0.16836478,-0.070552856,0.32924667
338,1747638543.6669042,0.2705341,0.33328164,-0.85282415,0.16836478,-0.070552856,0.32924667
339,1747638543.68089,0.3515754,0.31547573,-0.83791476,0.092314295,0.14026581,0.47462833
340,1747638543.6966712,0.53582394,0.27885774,-0.8257189,0.15591876,0.07482879,0.43125817
341,1747638543.6976755,0.53582394,0.27885774,-0.8257189,0.15591876,0.07482879,0.43125817
342,1747638543.7118478,0.5746067,0.25885656,-0.8872164,0.19699824,-0.06261184,0.32558158
343,1747638543.7276757,0.56850874,0.25007555,-0.9841123,-0.067193195,0.02107423,0.13927318
344,1747638543.728678,0.56850874,0.25007555,-0.9841123,-0.067193195,0.02107423,0.13927318
345,1747638543.7429636,0.53850704,0.2271474,-0.94066465,-0.15316994,0.18485765,0.13866232
346,1747638543.758594,0.5333848,0.21711633,-0.799132,-0.13133216,0.3149681,0.18019994
347,1747638543.7596655,0.5333848,0.21711633,-0.799132,0.025044737,0.2722088,0.19363858
348,1747638543.773511,0.62659144,0.20174958,-0.7393419,0.33413345,0.046729814,0.17531316
349,1747638543.789038,0.68467414,0.1744309,-1.2135159,0.4088859,-0.29839888,-0.051922016
350,1747638543.7900405,0.68467414,0.1744309,-1.2135159,0.4088859,-0.29839888,-0.051922016
351,1747638543.805108,0.58512557,0.19857866,-1.312607,0.12850699,-0.16645588,-0.04214846
352,1747638543.8061225,0.58512557,0.19857866,-1.312607,0.12850699,-0.16645588,-0.04214846
353,1747638543.8209803,0.38426024,0.19516383,-1.1976614,-0.49959671,0.279539,0.23334365
354,1747638543.836485,0.6202496,0.092170015,-0.8171818,-0.37063158,-0.05283829,0.59557605
355,1747638543.837485,0.6202496,0.092170015,-0.8171818,-0.37063158,-0.05283829,0.59557605
356,1747638543.8525581,0.8101387,0.04701494,-0.84035397,-0.18928629,-0.36498123,0.4538595
357,1747638543.8677096,0.9363047,0.02774552,-1.0202425,-0.19989976,-0.32771957,-0.015271181
358,1747638543.8687513,0.9363047,0.02774552,-1.0202425,-0.19989976,-0.32771957,-0.015271181
359,1747638543.8833365,0.7505926,0.08655993,-1.0204864,-0.4466057,-0.058946762,-0.36108708
360,1747638543.898682,0.5397266,0.12537317,-0.834256,-0.6547519,0.2386122,-0.31283015
361,1747638543.8996623,0.5397266,0.12537317,-0.834256,-0.6547519,0.2386122,-0.31283015
362,1747638543.9138541,0.54801977,0.12171442,-0.665862,-0.53258246,0.28809083,-0.21990502
363,1747638543.9297013,0.7542513,0.09509701,-0.56460613,0.58954394,-0.10964708,-0.070247434
364,1747638543.9307709,0.7542513,0.09509701,-0.56460613,0.58954394,-0.10964708,-0.070247434
365,1747638543.9449694,0.8730997,0.08338901,-0.72052985,0.94162107,-0.22692975,-0.13011047
366,1747638543.9459717,0.8730997,0.08338901,-0.72052985,0.94162107,-0.22692975,-0.13011047
367,1747638543.9693086,0.9985339,0.056070343,-1.1866851,0.58458084,-0.037567105,-0.57121855
368,1747638543.9703088,0.9985339,0.056070343,-1.1866851,0.58458084,-0.037567105,-0.57121855
369,1747638543.9845457,0.9694773,0.06533918,-1.1930269,0.2543415,0.0015271181,-0.6781168
370,1747638543.999926,0.9348411,0.045063604,-0.847458,-0.40422818,0.17997088,-0.82105505
371,1747638544.0010104,0.9348411,0.045063604,-0.847458,-0.40422818,0.17997088,-0.82105505
372,1747638544.0153978,0.93874377,0.005061271,-0.5714358,0.030695075,0.011300675,-0.933451
373,1747638544.0164297,0.93874377,0.005061271,-0.5714358,0.030695075,0.011300675,-0.933451
374,1747638544.0305886,0.9077358,0.026769854,-0.57704586,0.39643988,-0.024128467,-0.913293
375,1747638544.0458665,0.8962718,0.040429186,-0.6363481,0.6587224,-0.06933116,-0.8314395
376,1747638544.0469532,0.9338655,0.03823394,-0.7432446,0.6587224,-0.06933116,-0.8314395
377,1747638544.060732,1.0775934,-0.015702136,-0.89209473,0.810747,-0.59282726,-0.621308
378,1747638544.076011,1.0717393,0.0070126047,-0.9528605,0.66368556,-0.74248487,-0.6903338
379,1747638544.0770137,1.0717393,0.0070126047,-0.9528605,0.66368556,-0.74248487,-0.6903338
380,1747638544.0908601,0.98999685,0.04750277,-1.014358,-0.037261683,-0.5464029,-0.82838523
381,1747638544.106847,0.764008,0.07119317,-0.7427568,-0.6778114,0.5141043,-0.7337039
382,1747638544.1079445,0.764008,0.07119317,-0.7427568,-0.6778114,0.5141043,-0.7337039
383,1747638544.1224334,0.73519534,0.06607093,-0.5423792,-0.64100784,0.8158629,-0.59748495
384,1747638544.137707,0.76449585,0.045551438,-0.39230946,-0.3955236,0.86778486,-0.49364093
385,1747638544.1387331,0.75205606,0.04847844,-0.3254153,-0.3955236,0.86778486,-0.49364093
386,1747638544.152894,0.6124443,0.10729284,-0.28907174,0.33413345,0.50921756,-0.4789806
387,1747638544.1680653,0.12046435,0.3594112,-0.5511602,1.0007969,-0.1291942,-0.054976255
388,1747638544.169066,0.12046435,0.3594112,-0.5511602,1.0007969,-0.1291942,-0.054976255
389,1747638544.1833274,-0.028660208,0.4109081,-0.6534223,1.046305,-0.0387888,0.20402299
390,1747638544.1985853,-0.26099083,0.4619172,-0.7832469,0.9659022,0.4621823,0.715913
391,1747638544.1997254,-0.26099083,0.4619172,-0.7832469,0.9659022,0.4621823,0.715913
392,1747638544.2137177,-0.32443967,0.5234147,-0.8477019,0.8593857,0.5837409,1.1856545
393,1747638544.2288468,-0.40474924,0.57881427,-0.8830698,0.86870116,0.3791071,1.3829582
394,1747638544.2288468,-0.40474924,0.57881427,-0.8830698,0.86870116,0.3791071,1.3829582
395,1747638544.2440078,-0.6785457,0.6393361,-0.98630756,1.6475314,-0.10353861,1.7647377
396,1747638544.259176,-0.79227185,0.7379089,-1.2598907,1.9260777,-0.3594836,1.9974705
397,1747638544.259176,-0.79227185,0.7379089,-1.2598907,1.9260777,-0.3594836,1.9974705
398,1747638544.2744527,-0.8630686,0.8396832,-1.558841,1.7565676,-0.21532366,2.0988712
399,1747638544.2904747,-1.2405907,1.0612814,-1.9248989,0.7839461,0.43163994,2.2723517
400,1747638544.2915144,-1.2405907,1.0612814,-1.9248989,0.7839461,0.43163994,2.2723517
401,1747638544.3059156,-1.0378045,1.153299,-1.7460164,-1.3332505,0.26487863,3.2119112
402,1747638544.306954,-1.0378045,1.153299,-1.7460164,-1.3332505,0.26487863,3.2119112
403,1747638544.3218708,-0.522622,1.0412803,-1.5459133,-2.5725832,0.22761697,3.4037173
404,1747638544.3370006,0.0077138646,0.85285467,-0.9585011,-3.6443148,0.52754295,2.6438234
405,1747638544.3380015,0.0077138646,0.85285467,-0.9585011,-3.6443148,0.52754295,2.6438234
406,1747638544.35228,-0.12970269,0.7903815,-0.52140236,-3.8093963,0.59107107,1.8514781
407,1747638544.3678916,-0.76885587,0.81651103,-0.009390792,-2.9022117,0.42736402,1.2314681
408,1747638544.369099,-0.76885587,0.81651103,-0.009390792,-2.9022117,0.42736402,1.2314681
409,1747638544.3826897,-0.87697196,0.81626713,0.09896919,-2.2149322,0.31435728,1.2681189
410,1747638544.3983114,-0.5509163,0.6859547,-0.38913855,0.44187164,-0.49142662,1.1618315
411,1747638544.3995805,-0.5509163,0.6859547,-0.38913855,0.44187164,-0.49142662,1.1618315
412,1747638544.4134564,-0.39130333,0.62909156,-0.74690336,1.1073134,-0.609931,0.8209787
413,1747638544.4288113,-0.27172315,0.5807656,-1.399228,1.4643536,-0.7650862,0.09407048
414,1747638544.4298158,-0.27172315,0.5807656,-1.399228,1.4643536,-0.7650862,0.09407048
415,1747638544.444124,-0.35178882,0.57613117,-1.9471258,1.0737168,-0.7718055,-0.3250471
416,1747638544.4601345,-0.38276625,0.56512445,-1.9248989,-0.33260635,-0.43889377,-0.6457419
417,1747638544.4611719,-0.38276625,0.56512445,-1.9248989,-0.33260635,-0.43889377,-0.6457419
418,1747638544.4750872,-0.4045053,0.5268295,-1.7296741,-0.98934346,-0.18539214,-0.6872795
419,1747638544.4761229,-0.4164572,0.50606614,-1.547133,-0.98934346,-0.18539214,-0.6872795
420,1747638544.4908752,-0.40231007,0.5050904,-1.1695803,-1.5619365,0.022295926,-0.49791688
421,1747638544.5058892,-0.3383734,0.51097494,-0.95432395,-1.4130424,-0.05467083,-0.31527355
422,1747638544.5069609,-0.3383734,0.51097494,-0.95432395,-1.4130424,-0.05467083,-0.31527355
423,1747638544.5213516,-0.05308236,0.5685698,-0.7620262,-0.8659524,-0.2275406,-0.03115321
424,1747638544.5367677,0.38596764,0.6027181,-0.83157295,-0.2715216,-0.2507528,-0.23884128
425,1747638544.5377703,0.38596764,0.6027181,-0.83157295,-0.2715216,-0.2507528,-0.23884128
426,1747638544.5518584,0.47530213,0.59979105,-0.8572146,-0.10888352,-0.1511847,-0.58648974
427,1747638544.5679,0.34373957,0.61296254,-0.9218831,-0.044133715,-0.12003148,-0.82166594
428,1747638544.5691361,0.34373957,0.61296254,-0.9218831,0.0013744063,-0.120642334,-1.0226346
429,1747638544.582768,0.15900318,0.6156457,-0.95115304,0.043751936,-0.14690876,-1.1637404
430,1747638544.5985801,-0.19510286,0.58003384,-0.9287127,0.13347013,-0.15790401,-0.8961893
431,1747638544.6000912,-0.19510286,0.58003384,-0.9287127,0.13347013,-0.15790401,-0.8961893
432,1747638544.613985,-0.22242151,0.5690576,-0.9113946,0.21944688,-0.22204298,-0.6323033
433,1747638544.629285,0.006982115,0.5714967,-0.976307,0.39140037,-0.3014531,-0.2455606
434,1747638544.630288,0.006982115,0.5714967,-0.976307,0.39140037,-0.3014531,-0.2455606
435,1747638544.6445575,0.15144177,0.5966202,-1.0153642,0.44064993,-0.3839175,-0.37513658
436,1747638544.6594932,0.3535267,0.5868635,-1.1102781,0.40827504,-0.36070532,-0.6512395
437,1747638544.6605756,0.3535267,0.5868635,-1.1102781,0.40827504,-0.36070532,-0.6512395
438,1747638544.6752448,0.0257637,0.62125576,-1.099058,0.23815407,-0.3826958,-1.0715024
439,1747638544.6763182,0.0257637,0.62125576,-1.099058,0.23815407,-0.3826958,-1.0715024
440,1747638544.6904745,-0.11506769,0.6014985,-1.0609765,0.13782242,-0.38575006,-1.0122503
441,1747638544.7059474,-0.2309891,0.54975766,-1.002406,0.041843038,-0.27640837,-0.8540408
442,1747638544.7070127,-0.2309891,0.54975766,-1.002406,0.041843038,-0.27640837,-0.8540408
443,1747638544.7215488,-0.3073655,0.47728392,-0.8347438,0.02069245,-0.024739314,-0.4569901
444,1747638544.7367125,0.22586684,0.39993185,-0.8957535,0.070552856,0.0045813546,-0.28221142
445,1747638544.7387774,0.22586684,0.39993185,-0.8957535,0.070552856,0.0045813546,-0.28221142
446,1747638544.7525926,0.4677407,0.3913643,-1.0121627,-0.06963659,-0.030847786,-0.6170321
447,1747638544.7677393,0.38060147,0.49630946,-1.2232726,-1.0628742,0.083380654,-1.6511965
448,1747638544.7688391,0.38060147,0.49630946,-1.2232726,-1.0628742,0.083380654,-1.6511965
449,1747638544.7832303,0.117506854,0.52365863,-1.1119856,-1.6124077,0.45485213,-1.7990215
450,1747638544.7986372,-0.07308353,0.55609953,-0.9265175,-2.02053,0.85556793,-1.6915125
451,1747638544.7996373,-0.15409435,0.5712528,-0.793278,-2.2018752,1.0479848,-1.5363572
452,1747638544.8138623,-0.19071235,0.55927044,-0.62927455,-2.2716646,1.1499963,-1.2779688
453,1747638544.829475,-0.11262852,0.5348788,-0.3795953,-1.7214439,0.96246624,-0.7923452
454,1747638544.8304834,-0.11262852,0.5348788,-0.3795953,-1.7214439,0.96246624,-0.7923452
455,1747638544.8448236,-0.07283961,0.53024435,-0.3293485,-1.2559783,0.83296657,-0.6671216
456,1747638544.8458254,-0.07283961,0.53024435,-0.3293485,-0.73072606,0.6087856,-0.5883223
457,1747638544.8608747,-0.021586625,0.5580509,-0.41865245,-0.37124243,0.40415183,-0.545563
458,1747638544.876313,0.030154198,0.52414644,-0.6636668,0.34092912,-0.0045813546,-0.59443074
459,1747638544.877317,0.030154198,0.52414644,-0.6636668,0.34092912,-0.0045813546,-0.59443074
460,1747638544.8916187,0.05625328,0.53024435,-0.74080545,0.3870481,-0.022295926,-0.65246123
461,1747638544.906957,0.034056865,0.5514651,-0.88916767,0.23815407,0.06688777,-0.7801283
462,1747638544.9080064,0.034056865,0.5514651,-0.88916767,0.23815407,0.06688777,-0.7801283
463,1747638544.9229257,-0.14799644,0.61515784,-0.8877042,0.005726693,0.23250374,-0.71110255
464,1747638544.9381673,-0.14799644,0.61515784,-0.8877042,-0.11392301,0.30458373,-0.55167145
465,1747638544.9392498,-0.14506944,0.6158896,-0.89282644,-0.11392301,0.30458373,-0.55167145
466,1747638544.952839,-0.06357078,0.6163774,-0.8076691,-0.33756948,0.53181887,-0.21929416
467,1747638544.9681587,0.017470533,0.6036937,-0.7862044,-0.39491275,0.54342496,-0.005497625
468,1747638544.9692087,0.017470533,0.6036937,-0.7862044,-0.39491275,0.54342496,-0.005497625
469,1747638544.9833813,0.14851476,0.59954715,-0.76763624,-0.35627666,0.2911451,-0.06352811
470,1747638544.9985428,0.23342825,0.5927175,-0.79376584,-0.30023143,0.06261184,-0.35803285
471,1747638544.9995432,0.23342825,0.5927175,-0.79376584,-0.30023143,0.06261184,-0.35803285
472,1747638545.0137792,0.18927933,0.6007668,-0.7564161,-0.26907822,0.10781454,-0.55839074
473,1747638545.029119,-0.029148044,0.6027181,-0.6670816,-0.20425205,0.1163664,-0.6347467
474,1747638545.0301192,-0.029148044,0.6027181,-0.6670816,-0.07963921,0.13476817,-0.59076566
475,1747638545.0443358,-0.13458103,0.58661956,-0.64317775,0.07925743,0.1830251,-0.43683216
476,1747638545.059479,-0.05552153,0.5536604,-0.6893085,0.36459947,0.17080817,0.007330167
477,1747638545.0605395,-0.05552153,0.5536604,-0.6893085,0.36459947,0.17080817,0.007330167
478,1747638545.0755215,0.13412368,0.5178046,-0.7586113,0.39017868,0.086434886,0.07513421
479,1747638545.0769093,0.13412368,0.5178046,-0.7586113,0.39017868,0.086434886,0.07513421
480,1747638545.0905156,0.3488923,0.5082614,-0.819621,0.3067217,-0.11270132,-0.2003579
481,1747638545.1058998,0.21050009,0.5265856,-0.76641667,0.2618244,-0.22937314,-0.63352495
482,1747638545.1069767,0.21050009,0.5265856,-0.76641667,0.2618244,-0.22937314,-0.63352495
483,1747638545.121313,0.08165111,0.54024494,-0.7744659,0.3160371,-0.23120569,-0.6170321
484,1747638545.1365678,-0.07771795,0.54902595,-0.7290974,0.4225536,-0.10903624,-0.34092912
485,1747638545.137568,-0.07771795,0.54902595,-0.7290974,0.4225536,-0.10903624,-0.34092912
486,1747638545.151575,-0.11921428,0.5548799,-0.7586113,0.49738237,0.0015271181,0.080020994
487,1747638545.166777,0.22245201,0.49777296,-0.870874,0.34092912,0.12927055,0.39338565
488,1747638545.1678262,0.22245201,0.49777296,-0.870874,0.34092912,0.12927055,0.39338565
489,1747638545.1824346,0.37133265,0.4911872,-0.8957535,0.22631891,0.105371155,0.3402419
490,1747638545.1978645,0.45697787,0.4533801,-0.8850212,-0.08521319,-0.049784053,-0.23823044
491,1747638545.1989691,0.45697787,0.4533801,-0.8850212,-0.08521319,-0.049784053,-0.23823044
492,1747638545.2132754,0.2961758,0.47825962,-0.7988881,-0.10017895,-0.03634541,-0.39651623
493,1747638545.2291887,0.019665781,0.47728392,-0.6939429,0.078035735,0.04550812,-0.26327518
494,1747638545.2301915,0.019665781,0.47728392,-0.6939429,0.078035735,0.04550812,-0.26327518
495,1747638545.2452073,0.020641448,0.4867967,-0.7996198,0.22815146,0.23128204,0.47279578
496,1747638545.2462115,0.020641448,0.4867967,-0.7996198,0.22815146,0.23128204,0.47279578
497,1747638545.2607555,0.2388249,0.46069762,-0.84623843,0.13530266,0.3094705,0.59374356
498,1747638545.2766798,0.40109047,0.44042203,-0.8759962,-0.062764555,0.18852274,0.32130566
499,1747638545.2776809,0.5192071,0.4235918,-0.8833137,-0.062764555,0.18852274,0.32130566
500,1747638545.2920063,0.48481485,0.42773837,-0.8274264,-0.10582929,0.07177455,-0.0018325418
501,1747638545.3075242,0.3708448,0.43578765,-0.7330001,-0.03978143,0.024128467,-0.14538164
502,1747638545.3085876,0.3708448,0.43578765,-0.7330001,-0.03978143,0.024128467,-0.14538164
503,1747638545.3228323,0.100432694,0.43627545,-0.708334,0.20639002,0.19890714,-0.092848785
504,1747638545.3379996,0.059912033,0.47411305,-0.72516423,0.15904936,1.0846356,0.45202696
505,1747638545.339029,0.059912033,0.47411305,-0.72516423,0.15904936,1.0846356,0.45202696
506,1747638545.3532517,0.21074401,0.4677712,-0.7012604,0.15156648,1.2342932,0.62245333
507,1747638545.3692722,0.84672624,0.4252992,-0.78986317,0.18142164,0.7761578,0.27243787
508,1747638545.3702724,0.84672624,0.4252992,-0.78986317,0.18142164,0.7761578,0.27243787
509,1747638545.3850102,0.70177877,0.46557596,-0.71174884,0.46806172,0.47623178,-0.7880693
510,1747638545.3860126,0.70177877,0.46557596,-0.71174884,0.46806172,0.47623178,-0.7880693
511,1747638545.400883,0.3810893,0.46557596,-0.6817471,0.6910973,0.5757999,-0.93467265
512,1747638545.4161465,0.059912033,0.43212888,-0.69784564,0.86618143,0.6558209,-0.74592084
513,1747638545.4172611,-0.12799528,0.4252992,-0.7439763,0.90855896,0.67353547,-0.39773792
514,1747638545.4314559,-0.22242151,0.35624027,-0.825475,0.85312456,0.64238226,0.56808794
515,1747638545.4468603,0.06896744,0.34575188,-0.87867934,0.7652389,0.5373165,1.0518789
516,1747638545.4479728,0.06896744,0.34575188,-0.87867934,0.7652389,0.5373165,1.0518789
517,1747638545.4625175,0.8450188,0.269345,-1.0944235,0.45065257,-0.041843038,1.3481399
518,1747638545.4776044,1.175221,0.3606308,-1.2091254,-0.28091338,0.018630842,0.65910417
519,1747638545.478671,1.175221,0.3606308,-1.2091254,-0.28091338,0.018630842,0.65910417
520,1747638545.4928634,1.1715623,0.3620943,-1.1715318,-0.6771242,0.08215895,0.47646087
521,1747638545.5076678,1.0751542,0.35160586,-0.9194439,-1.0098833,0.22456272,0.35368055
522,1747638545.50875,1.0751542,0.35160586,-0.9194439,-1.0098833,0.22456272,0.35368055
523,1747638545.52311,1.0073149,0.33767214,-0.813767,-1.1457204,0.39804333,0.15943113
524,1747638545.5383945,0.8542876,0.12756842,-0.722969,-0.6086329,0.19707459,0.073912516
525,1747638545.539427,0.8542876,0.12756842,-0.722969,-0.6086329,0.19707459,0.073912516
526,1747638545.5542927,0.85331196,0.06753443,-0.78202736,-0.46034977,0.057725064,0.043981
527,1747638545.5690887,0.8581903,0.06143651,-0.8313289,-0.18745375,-0.21959959,-0.029320668
528,1747638545.570089,0.8581903,0.06143651,-0.8313289,-0.18745375,-0.21959959,-0.029320668
529,1747638545.5843685,0.8452627,0.13854466,-0.83937824,0.123467505,-0.1731752,-0.14538164
530,1747638545.5995789,0.91627294,0.23080614,-0.87477666,0.23876493,-0.12858334,-0.21074231
531,1747638545.600579,0.91627294,0.23080614,-0.87477666,0.23876493,-0.12858334,-0.21074231
532,1747638545.6150548,0.96923333,0.3266959,-0.93017626,0.35719293,-0.09132166,-0.27243787
533,1747638545.6161761,0.96923333,0.3266959,-0.93017626,0.35719293,-0.09132166,-0.27243787
534,1747638545.6305175,1.0312186,0.3284033,-0.9833805,0.5315898,-0.18539214,-0.55106056
535,1747638545.6460009,1.0497868,0.29254755,-1.0138701,0.46180052,-0.20677179,-0.7025507
536,1747638545.6471448,1.0497868,0.29254755,-1.0138701,0.46180052,-0.20677179,-0.7025507
537,1747638545.6607568,1.0082905,0.20077391,-0.9245661,0.2736596,-0.16523418,-0.83327204
538,1747638545.6765618,0.9563058,0.19370033,-0.9077358,0.16775393,-0.1835596,-0.91023874
539,1747638545.6775637,0.9563058,0.19370033,-0.9077358,0.16775393,-0.1835596,-0.91023874
540,1747638545.6917284,0.8540437,0.2227264,-0.90090626,0.06681142,-0.07116371,-0.91940147
541,1747638545.706746,0.6736979,0.24300198,-0.78080773,-0.021685077,0.018630842,-0.69583136
542,1747638545.707755,0.6736979,0.24300198,-0.78080773,-0.021685077,0.018630842,-0.69583136
543,1747638545.722352,0.6749174,0.24812423,-0.68247885,0.0007635591,-0.11270132,-0.42400435
544,1747638545.7372873,0.85306805,0.23178181,-0.6107064,0.06925481,-0.43522868,-0.31038678
545,1747638545.7382898,0.85306805,0.23178181,-0.6107064,0.06925481,-0.43522868,-0.31038678
546,1747638545.752935,0.95142746,0.23519666,-0.6815032,0.04871507,-0.5934381,-0.7245412
547,1747638545.7679405,0.621957,0.3354769,-0.56045955,0.28610557,-0.6447493,-0.9951465
548,1747638545.7690697,0.621957,0.3354769,-0.56045955,0.28610557,-0.6447493,-0.9951465
549,1747638545.7839198,0.46408197,0.32084188,-0.5980227,0.5596888,-0.7913526,-0.9365052
550,1747638545.7993264,0.23980057,0.31840274,-0.7527573,0.85999656,-0.8951967,-0.5186857
551,1747638545.8005762,0.23980057,0.31840274,-0.7527573,0.85999656,-0.8951967,-0.5186857
552,1747638545.814825,0.26028958,0.32645196,-0.8477019,0.82884336,-0.97888273,-0.13988402
553,1747638545.8297668,0.6007363,0.35428897,-1.0348774,0.12598725,-0.66246384,0.01343864
554,1747638545.8308363,0.6007363,0.35428897,-1.0348774,0.12598725,-0.66246384,0.01343864
555,1747638545.8452008,0.6393056,0.41724995,-1.0097235,-0.19363858,-0.5066978,-0.15698774
556,1747638545.8462312,0.6393056,0.41724995,-1.0097235,-0.19363858,-0.5066978,-0.15698774
557,1747638545.8599927,0.37255222,0.5048465,-0.75666,-0.65162134,-0.27335414,-0.8656469
558,1747638545.875528,0.07969977,0.5190242,-0.6443974,-0.46592376,-0.114533864,-1.0030875
559,1747638545.8765755,0.07969977,0.5190242,-0.6443974,-0.46592376,-0.114533864,-1.0030875
560,1747638545.8907576,-0.40499315,0.59905934,-0.5365252,0.29236677,-0.2495311,-0.44843826
561,1747638545.9068294,-0.24977067,0.61101127,-0.7168711,1.0431744,-1.2103938,0.6426113
562,1747638545.907905,-0.24977067,0.61101127,-0.7168711,1.0431744,-1.2103938,0.6426113
563,1747638545.9220264,-0.1372641,0.60857207,-0.86404437,1.1029611,-1.6489822,0.70247436
564,1747638545.9370234,-0.231233,0.7335184,-1.2349806,0.8282325,-1.6795245,0.64322215
565,1747638545.938024,-0.231233,0.7335184,-1.2349806,0.4580591,-1.3912046,0.61939913
566,1747638545.952295,-0.48819923,0.7425738,-1.1185714,-0.32138202,-0.5842754,0.7574506
567,1747638545.9673562,-0.5950957,0.7088828,-0.89282644,-0.6678088,-0.25808296,0.9736905
568,1747638545.9684691,-0.5950957,0.7088828,-0.89282644,-0.6678088,-0.25808296,0.9736905
569,1747638545.9826012,-0.80669343,0.6593372,-0.71735895,-0.5799231,-0.69728214,1.1575556
570,1747638545.9980338,-0.9233466,0.5944249,-0.65537363,-0.3444415,-1.3643273,1.7891716
571,1747638545.9990997,-0.9233466,0.5944249,-0.65537363,-0.3444415,-1.3643273,1.7891716
572,1747638546.0131922,-0.88892376,0.55707514,-0.6317137,-0.29648998,-1.3130162,1.979756
573,1747638546.0281,-0.86502,0.5693015,-0.6175665,-0.2933594,-1.2708677,2.0219045
574,1747638546.0291436,-0.86502,0.5693015,-0.6175665,-0.2933594,-1.2708677,2.0219045
575,1747638546.043513,-1.105156,0.66763043,-0.6443974,-0.38620818,-1.1120474,2.1465173
576,1747638546.058498,-1.2657446,0.8233407,-0.625128,-0.58122116,-0.9202414,2.60534
577,1747638546.0595756,-1.2657446,0.8233407,-0.625128,-0.58122116,-0.9202414,2.60534
578,1747638546.0743027,-1.1324745,0.8880091,-0.5982666,-0.6890357,-0.85854584,2.8423486
579,1747638546.0896742,-0.48405263,0.8711789,-0.5560385,-0.9369633,-0.89397496,2.5833495
580,1747638546.0907426,-0.48405263,0.8711789,-0.5560385,-0.9369633,-0.89397496,2.5833495
581,1747638546.1047094,-0.3734974,0.8243164,-0.4130424,-1.0840248,-0.48531815,1.1453387
582,1747638546.1066468,-0.3734974,0.8243164,-0.4130424,-1.0840248,-0.48531815,1.1453387
583,1747638546.120781,-0.63683593,0.87995994,-0.33593425,-0.9020687,-0.4224009,0.7195781
584,1747638546.1365979,-0.94139636,0.94194525,-0.34227607,-0.11392301,-0.42728767,0.37628192
585,1747638546.1376019,-0.94139636,0.94194525,-0.34227607,-0.11392301,-0.42728767,0.37628192
586,1747638546.151734,-0.8391343,0.8831308,-0.5467697,0.51166093,-0.50608695,0.43614495
587,1747638546.1669815,-0.4555144,0.74574476,-0.8362074,0.69483876,-0.5158605,0.3567348
588,1747638546.1680949,-0.4555144,0.74574476,-0.8362074,0.713546,-0.49020493,0.22295925
589,1747638546.181751,-0.27904066,0.70449233,-1.0028939,0.4388174,-0.3478775,-0.18142164
590,1747638546.1969476,-0.25830775,0.6871742,-1.0417072,-0.3276432,0.18241426,-0.721487
591,1747638546.1979523,-0.25830775,0.6871742,-1.0417072,-0.3276432,0.18241426,-0.721487
592,1747638546.2127783,-0.31809783,0.7118098,-0.86380047,-0.5974086,0.3302393,-0.84060216
593,1747638546.2280564,-0.3556915,0.68522286,-0.70443135,-0.6447493,0.40231928,-0.89985436
594,1747638546.2290592,-0.3556915,0.68522286,-0.70443135,-0.6447493,0.40231928,-0.89985436
595,1747638546.243314,-0.37740007,0.6927843,-0.59290045,-0.4852418,0.45790637,-0.78684765
596,1747638546.2582853,-0.34447134,0.6930283,-0.53164685,-0.2777828,0.43835926,-0.61764294
597,1747638546.25935,-0.23879443,0.68888164,-0.5360374,-0.055358034,0.3418454,-0.47042874
598,1747638546.2730184,-0.12287302,0.6922965,-0.5704601,0.06864396,0.29603186,-0.42033926
599,1747638546.2888355,0.0521067,0.6566542,-0.73836625,0.10414946,0.4414135,-0.71171343
600,1747638546.2898364,0.0521067,0.6566542,-0.73836625,0.10414946,0.4414135,-0.71171343
601,1747638546.304199,-0.0037807084,0.6622642,-0.7554404,0.076126836,0.4970006,-0.89191335
602,1747638546.3192842,-0.21656752,0.65519065,-0.819621,0.07673769,0.55442023,-0.9951465
603,1747638546.3198564,-0.21656752,0.65519065,-0.819621,0.07673769,0.55442023,-0.9951465
604,1747638546.3348804,-0.41060326,0.6158896,-0.8520924,-0.0086282175,0.8036459,-0.68056023
605,1747638546.3359187,-0.41060326,0.6158896,-0.8520924,-0.0086282175,0.8036459,-0.68056023
606,1747638546.3500419,-0.3939864,0.58320475,-0.81815743,-0.02481567,0.8702283,-0.4569901
607,1747638546.3652055,-0.35374016,0.53926927,-0.799132,0.01885991,0.8580113,-0.29137415
608,1747638546.3662066,-0.30565807,0.5368301,-0.783003,0.01885991,0.8580113,-0.29137415
609,1747638546.3805268,-0.07527878,0.53658617,-0.8542876,0.1752368,0.5678589,-0.22173755
610,1747638546.3954198,0.0018293752,0.55292857,-0.93188363,0.17645851,0.49089214,-0.35803285
611,1747638546.3954747,0.0018293752,0.55292857,-0.93188363,0.17645851,0.49089214,-0.35803285
612,1747638546.4113784,-0.11433593,0.6251889,-1.0465854,-0.104531236,0.51166093,-0.6897229
613,1747638546.4269989,-0.3734974,0.67714316,-0.94090855,-0.5687752,0.79020727,-0.47165045
614,1747638546.4270797,-0.3734974,0.67714316,-0.94090855,-0.5687752,0.79020727,-0.47165045
615,1747638546.4425926,-0.47575948,0.6729966,-0.87550837,-0.6890357,1.0046147,-0.20890976
616,1747638546.4578967,-0.45036164,0.6788506,-0.7959611,-0.75256383,1.1719868,0.14110571
617,1747638546.4588969,-0.31736606,0.6725087,-0.7700754,-0.76936215,1.1493855,0.3500155
618,1747638546.4730978,-0.1562896,0.6334821,-0.8469702,-1.1157888,1.079138,0.40987852
619,1747638546.4883716,-0.040612124,0.624945,-0.95776933,-1.1157888,1.079138,0.40987852
620,1747638546.4893732,-0.040612124,0.624945,-0.95776933,-1.1157888,1.079138,0.40987852
621,1747638546.5035899,-0.0069516255,0.61345047,-0.7444642,-1.4211361,1.5140613,0.25899923
622,1747638546.519165,-0.0916212,0.68424726,-0.46283188,-1.0678374,1.4798539,0.263886
623,1747638546.5197494,-0.0916212,0.68424726,-0.46283188,-1.0678374,1.4798539,0.263886
624,1747638546.5346332,-0.13628843,0.72303,-0.40670058,-0.27717194,0.9068791,0.5515951
625,1747638546.549956,-0.12872702,0.7394029,-0.5160362,-0.27717194,0.9068791,0.5515951
626,1747638546.5510366,-0.12872702,0.7394029,-0.5160362,-0.27717194,0.9068791,0.5515951
627,1747638546.5659895,0.045764867,0.70327276,-0.627811,0.3858264,0.71140796,0.99934614
628,1747638546.5670338,0.045764867,0.70327276,-0.627811,0.3858264,0.71140796,0.99934614
629,1747638546.5816038,0.11653119,0.6764114,-0.696626,0.46057883,0.69186085,0.9626953
630,1747638546.5968714,0.27736375,0.65470284,-0.76714844,0.4892123,0.7333985,0.82342213
631,1747638546.5978746,0.4267322,0.6537272,-0.78251517,0.48111856,0.64971244,0.63161606
632,1747638546.6128287,0.5538738,0.65080017,-0.8135231,0.4767663,0.48783788,0.30969957
633,1747638546.6278093,0.39987087,0.69180864,-0.9526166,0.27862272,0.110868774,-0.8864157
634,1747638546.6288848,0.39987087,0.69180864,-0.9526166,0.27862272,0.110868774,-0.8864157
635,1747638546.6431446,0.15680793,0.74086636,-0.9604524,0.1078909,0.20135053,-0.9963682
636,1747638546.6589203,-0.15214302,0.74720824,-0.8091326,-0.122627586,0.52326703,-0.5528931
637,1747638546.659921,-0.15214302,0.74720824,-0.8091326,-0.122627586,0.52326703,-0.5528931
638,1747638546.6736271,-0.17315035,0.725957,-0.71150494,-0.11392301,0.6717029,-0.067804046
639,1747638546.6895156,0.1167751,0.68007016,-0.6749174,-0.0023670332,0.63444126,0.27732465
640,1747638546.6905332,0.1167751,0.68007016,-0.6749174,0.091703445,0.5379274,0.431869
641,1747638546.704751,0.5965897,0.63567734,-0.7444642,0.25556323,0.06383354,0.1123959
642,1747638546.719744,0.64052516,0.6320186,-0.73495144,0.27304873,-0.13896775,-0.25716668
643,1747638546.720743,0.64052516,0.6320186,-0.73495144,0.27304873,-0.13896775,-0.25716668
644,1747638546.734847,0.54631233,0.64226305,-0.73397577,0.26991814,-0.28068432,-0.59870666
645,1747638546.7359102,0.54631233,0.64226305,-0.73397577,0.26991814,-0.28068432,-0.59870666
646,1747638546.7501338,0.2666314,0.65567845,-0.6939429,0.20577917,-0.15668233,-0.8204442
647,1747638546.7653003,-0.025245376,0.6105234,-0.554575,0.401403,0.2386122,-0.46248773
648,1747638546.7663069,-0.025245376,0.6105234,-0.554575,0.401403,0.2386122,-0.46248773
649,1747638546.7805393,-0.104304865,0.5880831,-0.5031086,0.6606313,0.19157697,-0.045813546
650,1747638546.7958925,0.0831146,0.5380497,-0.5570447,1.0369133,-0.074217945,0.41537613
651,1747638546.7968926,0.0831146,0.5380497,-0.5570447,1.0369133,-0.074217945,0.41537613
652,1747638546.8113,0.47188726,0.4972851,-0.7996198,1.1777899,-0.41445985,0.3738385
653,1747638546.8264802,0.625128,0.49021152,-0.9946007,1.00576,-0.5005893,0.032374904
654,1747638546.8275557,0.625128,0.49021152,-0.9946007,1.00576,-0.5005893,0.032374904
655,1747638546.8417158,0.54216576,0.5028952,-1.005577,0.38765895,-0.22143213,-0.6585697
656,1747638546.8571289,0.16290584,0.49143112,-0.76788014,-0.026037365,0.37788537,-0.87358797
657,1747638546.8581312,0.16290584,0.49143112,-0.76788014,-0.026037365,0.37788537,-0.87358797
658,1747638546.87295,-0.0059759584,0.48216227,-0.6348846,0.09300149,0.47317755,-0.66834325
659,1747638546.8886805,-0.18656576,0.49679726,-0.60924286,0.44752198,0.2502183,-0.0219905
660,1747638546.889681,-0.18656576,0.49679726,-0.60924286,0.44752198,0.2502183,-0.0219905
661,1747638546.9039268,-0.1167751,0.525366,-0.6341528,0.7503495,-0.30572906,0.71408045
662,1747638546.9191308,0.48042434,0.43432412,-0.8740449,0.7472189,-0.49997848,0.60840386
663,1747638546.9197226,0.48042434,0.43432412,-0.8740449,0.7472189,-0.49997848,0.60840386
664,1747638546.9342947,0.638086,0.41383514,-0.94139636,0.64940697,-0.52563405,0.26022094
665,1747638546.9494698,0.5062795,0.38502246,-0.8723375,0.48989952,-0.2507528,-0.56266665
666,1747638546.95047,0.5062795,0.38502246,-0.8723375,0.48989952,-0.2507528,-0.56266665
667,1747638546.9646666,0.32276276,0.3867299,-0.80571777,0.5210527,-0.08765658,-0.6481853
668,1747638546.9799693,-0.034514207,0.4533801,-0.78227127,0.6450547,0.24288814,-0.29565006
669,1747638546.9809737,-0.034514207,0.4533801,-0.78227127,0.6450547,0.24288814,-0.29565006
670,1747638546.9951153,0.016982697,0.46581987,-0.82620674,0.6923954,0.036956258,0.72202146
671,1747638546.9962864,0.016982697,0.46581987,-0.82620674,0.6923954,0.036956258,0.72202146
672,1747638547.0105562,0.2371175,0.43115324,-0.9389573,0.5745782,-0.110868774,0.9633061
673,1747638547.0262656,0.47188726,0.36136255,-0.97825825,0.39453098,-0.057725064,0.9865183
674,1747638547.0272923,0.59024787,0.31254873,-0.958745,0.26991814,-0.026571855,0.88206345
675,1747638547.0409682,0.6246401,0.2832787,-0.9311519,0.091703445,0.060168456,0.53693473
676,1747638547.0565474,0.5568008,0.28669357,-0.90383315,-0.004886778,0.20562646,0.40010494
677,1747638547.0575478,0.5568008,0.28669357,-0.90383315,-0.004886778,0.20562646,0.40010494
678,1747638547.072637,0.33227548,0.30059683,-0.81083995,-0.14690876,0.54342496,0.48134765
679,1747638547.0879328,0.38865072,0.2891327,-0.639519,-0.14568707,0.59717953,0.9565868
680,1747638547.0889335,0.38865072,0.2891327,-0.639519,-0.14568707,0.59717953,0.9565868
681,1747638547.1032233,0.6156152,0.26007617,-0.645373,-0.0017561859,0.32779592,1.0665393
682,1747638547.1190655,0.9594767,0.28644964,-0.7444642,0.2985516,-0.05650337,0.86923563
683,1747638547.1201358,0.9594767,0.28644964,-0.7444642,0.2985516,-0.05650337,0.86923563
684,1747638547.1346514,0.98804545,0.2874253,-0.9604524,0.5465556,-0.105371155,0.38055784
685,1747638547.1360564,0.98804545,0.2874253,-0.9604524,0.5465556,-0.105371155,0.38055784
686,1747638547.150187,0.89163744,0.34721538,-1.0531712,0.46057883,-0.14690876,0.26938364
687,1747638547.165912,0.815261,0.37477797,-1.1280841,0.14530529,-0.12491827,0.24739315
688,1747638547.1670883,0.804986,0.37477797,-1.1366518,0.14530529,-0.12491827,0.24739315
689,1747638547.1807685,0.8218467,0.35355723,-1.1122296,-0.40178478,0.15126105,0.27854636
690,1747638547.1961691,0.9226453,0.27275982,-0.98703927,-0.8522846,0.44996536,0.22906773
691,1747638547.1971703,0.9226453,0.27275982,-0.98703927,-0.8522846,0.44996536,0.22906773
692,1747638547.212174,0.94508564,0.19857866,-0.80010766,-0.9613209,0.40476266,-0.07207998
693,1747638547.2277348,0.8489215,0.1961395,-0.6534223,-0.5799231,0.05222744,-0.3586437
694,1747638547.2287695,0.8489215,0.1961395,-0.6534223,-0.5799231,0.05222744,-0.3586437
695,1747638547.2430305,0.7891314,0.19589557,-0.6656181,-0.21860696,-0.12980504,-0.45027077
696,1747638547.2585876,0.7249508,0.19516383,-0.77617335,0.1078909,-0.1719535,-0.51196635
697,1747638547.259591,0.7249508,0.19516383,-0.77617335,0.1078909,-0.1719535,-0.51196635
698,1747638547.2738862,0.73397577,0.19248074,-0.8140109,0.2911451,-0.035734564,-0.56083417
699,1747638547.289056,0.7334879,0.18687066,-0.83937824,0.3503209,0.024128467,-0.59809583
700,1747638547.2900589,0.7334879,0.18687066,-0.83937824,0.3503209,0.024128467,-0.59809583
701,1747638547.304373,0.7532757,0.16735733,-0.86819094,0.3814741,0.05283829,-0.6353575
702,1747638547.3196318,0.76205665,0.16857691,-0.8967291,0.39766157,0.064444385,-0.73126054
703,1747638547.3206346,0.76205665,0.16857691,-0.8967291,0.39766157,0.064444385,-0.73126054
704,1747638547.3356256,0.76791066,0.1387886,-0.8830698,0.38086328,-0.1603474,-0.7446992
705,1747638547.3366263,0.76791066,0.1387886,-0.8830698,0.38086328,-0.1603474,-0.7446992
706,1747638547.3515048,0.8125779,0.13634941,-0.8962413,0.38208497,-0.273965,-0.7330931
707,1747638547.3665311,0.8342865,0.122934,-1.0121627,0.20203774,-0.2599155,-0.6897229
708,1747638547.3676243,0.8342865,0.122934,-1.0121627,0.20203774,-0.2599155,-0.6897229
709,1747638547.3820353,0.8623369,0.16000934,-0.94042075,-0.067193195,-0.022295926,-0.6622348
710,1747638547.3967798,0.8757828,0.15171617,-0.8745327,-0.14507623,0.042453885,-0.6872795
711,1747638547.397788,0.8757828,0.15171617,-0.8745327,-0.14507623,0.042453885,-0.6872795
712,1747638547.4120977,0.76473975,0.18126057,-0.8274264,-0.13820419,0.13537902,-0.789291
713,1747638547.427041,0.57680196,0.2195555,-0.77934426,-0.14751962,0.18974443,-0.39529455
714,1747638547.4280844,0.57680196,0.2195555,-0.77934426,-0.14751962,0.18974443,-0.39529455
715,1747638547.4421892,0.57704586,0.22495215,-0.77349025,-0.19676918,0.07788303,-0.10628742
716,1747638547.4579446,0.661502,0.23812364,-0.77934426,-0.29648998,-0.2855711,0.067193195
717,1747638547.4595566,0.661502,0.23812364,-0.77934426,-0.29648998,-0.2855711,0.067193195
718,1747638547.4734604,0.7044618,0.28962055,-0.78202736,-0.44477317,-0.4382829,0.058641337
719,1747638547.4887269,0.74665946,0.2944989,-0.6626911,-0.45599747,-0.28862533,-0.24067383
720,1747638547.4897287,0.74665946,0.2944989,-0.6626911,-0.45599747,-0.28862533,-0.24067383
721,1747638547.5036736,0.6890646,0.3037677,-0.6185422,-0.18058172,-0.10414946,-0.44171894
722,1747638547.5188186,0.39230946,0.31767097,-0.61707866,-0.05283829,-0.06139015,-0.33115557
723,1747638547.5197952,0.39230946,0.31767097,-0.61707866,-0.05283829,-0.06139015,-0.33115557
724,1747638547.534716,0.31690875,0.3179149,-0.6834545,-0.022906773,-0.074217945,-0.009773556
725,1747638547.550048,0.3193479,0.40432236,-0.70760226,-0.25220355,-0.24281178,0.38361207
726,1747638547.5511396,0.3193479,0.40432236,-0.70760226,-0.25220355,-0.24281178,0.38361207
727,1747638547.565362,0.41429248,0.5609778,-0.6639107,-0.5954997,-0.32588702,0.29137415
728,1747638547.5663655,0.41429248,0.5609778,-0.6639107,-0.5954997,-0.32588702,0.29137415
729,1747638547.5813549,0.29861498,0.58003384,-0.6287867,-0.5737383,-0.13224843,0.23700874
730,1747638547.5968297,0.045764867,0.68400335,-0.6534223,-0.42171368,-0.0021379655,0.5131117
731,1747638547.5978303,0.045764867,0.68400335,-0.6534223,-0.42171368,-0.0021379655,0.5131117
732,1747638547.6129518,0.1153116,0.6456779,-0.6346407,-0.2933594,-0.29656634,0.84235835
733,1747638547.6282349,0.17266251,0.6398239,-0.6380555,-0.13942589,-0.7241594,0.8093726
734,1747638547.6292365,0.17266251,0.6398239,-0.6380555,0.003206948,-1.0167552,0.7507313
735,1747638547.6437402,-0.0069516255,0.76062363,-0.7517817,0.06620057,-1.0900569,0.76172656
736,1747638547.6597404,-0.443532,0.84358585,-1.0663427,-0.08460235,-0.793796,1.1013576
737,1747638547.6607754,-0.443532,0.84358585,-1.0663427,-0.08460235,-0.793796,1.1013576
738,1747638547.6749907,-0.5655513,0.8370001,-1.1175957,-0.4130091,-0.5286883,1.4666443
739,1747638547.6761267,-0.5655513,0.8370001,-1.1175957,-0.4130091,-0.5286883,1.4666443
740,1747638547.6908529,-0.49258974,0.8099253,-0.9365181,-0.82609457,-0.5433486,1.8618624
741,1747638547.7059906,-0.58704644,0.82553595,-0.82620674,-0.64352757,-0.9807153,1.6963228
742,1747638547.707052,-0.58704644,0.82553595,-0.82620674,-0.64352757,-0.9807153,1.6963228
743,1747638547.721644,-0.74787897,0.88752127,-0.84010994,-0.54136336,-1.129762,1.735417
744,1747638547.7367277,-0.84279305,0.9780754,-0.8933143,-0.53693473,-1.2268867,1.819714
745,1747638547.7376668,-0.84279305,0.9780754,-0.8933143,-0.6029826,-1.2647593,1.8936265
746,1747638547.7525613,-0.9589584,1.0847279,-0.95456785,-0.88588125,-0.71805096,2.0774915
747,1747638547.7681844,-0.8803867,1.2606833,-0.7984003,-0.88588125,-0.71805096,2.0774915
748,1747638547.7693028,-0.8803867,1.2606833,-0.7984003,-0.93451995,-0.6447493,2.1147532
749,1747638547.783805,-0.7425129,1.2711717,-0.7364149,-0.9058101,-0.6801784,2.0628312
750,1747638547.7991161,-0.38740066,1.2072351,-0.6317137,-0.6971294,-0.74248487,1.331647
751,1747638547.800746,-0.38740066,1.2072351,-0.6317137,-0.6971294,-0.74248487,1.331647
752,1747638547.8149147,-0.30687764,1.1550064,-0.59460783,-0.6323033,-0.71438587,0.77638686
753,1747638547.829846,-0.2502585,1.0337188,-0.5299394,-0.48027867,-0.79440683,-0.043981
754,1747638547.8309202,-0.2502585,1.0337188,-0.5299394,-0.48027867,-0.79440683,-0.043981
755,1747638547.8453586,-0.47575948,0.95340925,-0.5921687,-0.184934,-0.8921424,-0.6970531
756,1747638547.846358,-0.47575948,0.95340925,-0.5921687,-0.184934,-0.8921424,-0.6970531
757,1747638547.8604736,-0.47575948,0.95340925,-0.5921687,-0.184934,-0.8921424,-0.6970531
758,1747638547.8756974,-0.53115904,0.89313143,-0.6773566,-0.38994962,-0.56533915,-0.4777589
759,1747638547.8767023,-0.53115904,0.89313143,-0.6773566,-0.38994962,-0.56533915,-0.4777589
760,1747638547.8908389,-0.35227665,0.80626655,-0.62073743,-0.5207473,-0.40651885,-0.3794125
761,1747638547.9066055,-0.0030489585,0.69790655,-0.60314494,-0.86160004,-0.13469182,-0.5571691
762,1747638547.9076066,-0.0030489585,0.69790655,-0.60314494,-0.86160004,-0.13469182,-0.5571691
763,1747638547.9220386,0.071162686,0.68031406,-0.6048524,-1.0510391,0.014354911,-0.76241374
764,1747638547.937301,-0.05430195,0.7276644,-0.59338826,-1.5426184,0.53242975,-1.0837194
765,1747638547.9383025,-0.05430195,0.7276644,-0.59338826,-1.5426184,0.53242975,-1.0837194
766,1747638547.9532773,-0.15141128,0.72229826,-0.5687527,-1.7500774,0.7932615,-1.0898279
767,1747638547.9684825,-0.32004914,0.70400447,-0.46210015,-1.9438686,1.2770525,-0.91023874
768,1747638547.9695592,-0.32004914,0.70400447,-0.46210015,-1.9438686,1.2770525,-0.91023874
769,1747638547.9836066,-0.36422858,0.7010775,-0.37300956,-1.8990477,1.3118708,-0.82899606
770,1747638547.9989133,-0.32126877,0.8126084,-0.05722895,-0.888401,0.9380323,-0.33482066
771,1747638548.0006225,-0.32126877,0.8126084,-0.05722895,-0.888401,0.9380323,-0.33482066
772,1747638548.0148194,-0.17900434,0.82577986,-0.100432694,-0.29648998,0.807311,-0.167983
773,1747638548.0295765,0.03210553,0.86532485,-0.37398523,0.51227176,0.77127105,-0.17042638
774,1747638548.030551,0.03210553,0.86532485,-0.37398523,0.51227176,0.77127105,-0.17042638
775,1747638548.044884,0.23565398,0.86971533,-0.74861073,0.68613416,0.7010236,-0.37819082
776,1747638548.0458868,0.23565398,0.86971533,-0.74861073,0.6381827,0.6038989,-0.63841176
777,1747638548.0597425,0.19464551,0.8616661,-0.92505395,0.39643988,0.62527853,-0.90840626
778,1747638548.0747423,0.09896919,0.8462689,-1.018535,0.11231954,0.75477815,-1.0617288
779,1747638548.0908477,-0.25830775,0.9214562,-0.8828259,-0.7201889,1.1854255,-0.9016869
780,1747638548.0919604,-0.25830775,0.9214562,-0.8828259,-0.7201889,1.1854255,-0.9016869
781,1747638548.1060014,-0.29199874,0.9319446,-0.74861073,-0.8322794,1.2568946,-0.6109236
782,1747638548.107073,-0.29199874,0.9319446,-0.74861073,-0.8322794,1.2568946,-0.6109236
783,1747638548.1208954,-0.15433827,0.9212123,-0.63561636,-0.7394306,1.3228661,-0.28831992
784,1747638548.1367478,0.05844853,0.90727854,-0.45844138,-0.16187452,1.0815815,-0.21685077
785,1747638548.1377497,0.05844853,0.90727854,-0.45844138,-0.16187452,1.0815815,-0.21685077
786,1747638548.151976,0.09994486,0.8845943,-0.46478322,0.15400986,0.7572215,-0.29137415
787,1747638548.1668706,0.102140106,0.82870686,-0.5514041,0.5085303,0.4218664,-0.4557684
788,1747638548.1674123,0.102140106,0.82870686,-0.5514041,0.5085303,0.4218664,-0.4557684
789,1747638548.182533,0.014787449,0.7840396,-0.6348846,0.61886466,0.4102603,-0.5687752
790,1747638548.1975155,-0.10994543,0.75940406,-0.6958943,0.53724015,0.5886277,-0.4966952
791,1747638548.1985157,-0.10994543,0.75940406,-0.6958943,0.53724015,0.5886277,-0.4966952
792,1747638548.2123084,-0.1782726,0.7982173,-0.62366444,0.39827242,0.8146412,-0.3146627
793,1747638548.2275822,-0.010366458,0.78550315,-0.55042845,0.19142427,0.92948043,0.2754921
794,1747638548.2286386,-0.010366458,0.78550315,-0.55042845,0.19142427,0.92948043,0.2754921
795,1747638548.2428977,0.20489,0.7518426,-0.4818574,0.25556323,0.81280863,0.32924667
796,1747638548.2578416,0.49993768,0.75379395,-0.49356538,0.5515951,0.4078169,-0.037261683
797,1747638548.258871,0.49993768,0.75379395,-0.49356538,0.5515951,0.4078169,-0.037261683
798,1747638548.2733774,0.40231007,0.80041254,-0.72101766,0.57900685,0.055281676,-0.69155544
799,1747638548.2885883,0.32910457,0.79894906,-0.73397577,0.4736357,0.08521319,-0.7660788
800,1747638548.289592,0.32910457,0.79894906,-0.73397577,0.4736357,0.08521319,-0.7660788
801,1747638548.3044534,0.10189619,0.771112,-0.71296847,0.31351736,0.23006035,-0.74531
802,1747638548.3196752,-0.018903542,0.7430616,-0.58119243,0.05062397,0.5849626,-0.33604234
803,1747638548.3206584,-0.018903542,0.7430616,-0.58119243,0.05062397,0.5849626,-0.33604234
804,1747638548.3354304,0.0032928751,0.70741934,-0.50774306,0.08551861,0.55197686,-0.087962
805,1747638548.3364687,0.0032928751,0.70741934,-0.50774306,0.08551861,0.55197686,-0.087962
806,1747638548.3506186,0.30983517,0.6927843,-0.56070346,0.27556846,0.39254573,0.13866232
807,1747638548.3657618,0.5153045,0.7281522,-0.7773929,0.16149275,0.39926505,-0.07818845
808,1747638548.3675184,0.5153045,0.7281522,-0.7773929,0.16149275,0.39926505,-0.07818845
809,1747638548.3816032,0.49993768,0.7415982,-0.8081569,0.040010497,0.3485647,-0.18630841
810,1747638548.397227,0.3383734,0.7213226,-0.7197981,-0.2602973,0.38032877,-0.29198498
811,1747638548.3982272,0.3383734,0.7213226,-0.7197981,-0.2602973,0.38032877,-0.29198498
812,1747638548.4127653,0.18244967,0.66494733,-0.57411885,-0.29771167,0.29847524,-0.20585553
813,1747638548.42799,0.08921252,0.6532393,-0.47380814,-0.19424942,0.20806985,-0.051922016
814,1747638548.4289925,0.050887115,0.624945,-0.43743405,-0.19424942,0.20806985,-0.051922016
815,1747638548.4437928,0.03210553,0.62592065,-0.6675694,0.19455485,0.24960746,0.42881477
816,1747638548.4585087,0.19049892,0.5963763,-0.86331254,0.0019852535,0.9380323,1.0494356
817,1747638548.459579,0.19049892,0.5963763,-0.86331254,0.0019852535,0.9380323,1.0494356
818,1747638548.4746234,0.39791957,0.59515667,-0.9753313,-0.5382328,1.3466891,1.2106993
819,1747638548.4906385,0.8625808,0.55756307,-1.0404875,-1.4815336,1.4480898,0.6884249
820,1747638548.491721,0.8625808,0.55756307,-1.0404875,-1.4815336,1.4480898,0.6884249
821,1747638548.5056546,0.57338715,0.62811595,-0.7447081,-2.2143214,1.3295854,-0.09101624
822,1747638548.5066917,0.57338715,0.62811595,-0.7447081,-2.2143214,1.3295854,-0.09101624
823,1747638548.5208375,0.41087765,0.6173531,-0.5936322,-2.2205062,1.2446777,-0.105065726
824,1747638548.5361598,0.29202923,0.6303112,-0.5011573,-1.9738002,1.139001,0.20463383
825,1747638548.5371602,0.29202923,0.6303112,-0.5011573,-1.9738002,1.139001,0.20463383
826,1747638548.5509167,0.29568797,0.6254328,-0.3869433,-1.5681976,1.0669211,0.49051034
827,1747638548.566112,0.30495682,0.60759646,-0.4247504,-1.3924264,1.1988641,0.6303944
828,1747638548.5677948,0.30495682,0.60759646,-0.4247504,-1.3924264,1.1988641,0.6303944
829,1747638548.5814373,0.43892804,0.5739359,-0.31931743,-1.0198859,1.0540932,0.863738
830,1747638548.5968676,0.7503486,0.54244024,-0.27443674,-0.36933354,-0.353986,0.69086826
831,1747638548.5968676,0.7503486,0.54244024,-0.27443674,-0.36933354,-0.353986,0.69086826
832,1747638548.612014,0.79718065,0.5407328,-0.30882898,0.018172706,-0.89764005,0.49967307
833,1747638548.6278226,0.73104876,0.5849122,-0.52676857,0.42568418,-0.93734515,0.21257484
834,1747638548.6283846,0.73104876,0.5849122,-0.52676857,0.42568418,-0.93734515,0.21257484
835,1747638548.6425023,0.621957,0.6156457,-0.63268936,0.39453098,-0.641695,0.1771457
836,1747638548.6574469,0.43892804,0.6573859,-0.5670453,-0.02107423,-0.2544179,0.5082249
837,1747638548.658449,0.43892804,0.6573859,-0.5670453,-0.02107423,-0.2544179,0.5082249
838,1747638548.672825,0.43600106,0.6510441,-0.5189632,-0.12446013,-0.36681378,0.7262974
839,1747638548.688866,0.7125111,0.59320533,-0.50188905,-0.17118995,-0.5946598,0.99079424
840,1747638548.689882,0.7125111,0.59320533,-0.50188905,-0.17118995,-0.5946598,0.99079424
841,1747638548.7049391,1.0321944,0.5839365,-0.36935082,0.10414946,-0.7504259,0.39888325
842,1747638548.7059393,1.0321944,0.5839365,-0.36935082,0.10414946,-0.7504259,0.39888325
843,1747638548.720741,0.9609402,0.61101127,-0.34544697,0.39078954,-0.821895,0.11667182
844,1747638548.7359538,0.86944103,0.6268963,-0.3810588,0.73538375,-0.8402204,-0.11911522
845,1747638548.7369556,0.7866922,0.65080017,-0.44819686,0.73538375,-0.8402204,-0.11911522
846,1747638548.7511203,0.6495501,0.65445894,-0.6124138,0.6985802,-0.641695,-0.08429692
847,1747638548.765864,0.61098075,0.66494733,-0.6968699,0.46248773,-0.4266768,0.03603999
848,1747638548.766915,0.5953701,0.6522637,-0.74080545,0.46248773,-0.4266768,0.03603999
849,1747638548.7818387,0.62000567,0.6561664,-0.7364149,-0.16439427,0.065055236,0.351848
850,1747638548.7970703,0.97703874,0.5673197,-0.4630758,-0.5606814,0.24960746,0.4923429
851,1747638548.7980707,0.97703874,0.5673197,-0.4630758,-0.5606814,0.24960746,0.4923429
852,1747638548.8117435,1.0885696,0.5353666,-0.4030418,-0.40796962,-0.026571855,0.26144263
853,1747638548.8269935,1.1293342,0.48021096,-0.4591731,-0.08651124,-0.21654536,-0.2816006
854,1747638548.8292205,1.1293342,0.48021096,-0.4591731,-0.08651124,-0.21654536,-0.2816006
855,1747638548.8430364,0.9719165,0.4721617,-0.54994065,-0.016721943,-0.04734066,-0.5809921
856,1747638548.8583446,0.8142853,0.50118774,-0.59631526,-0.054059982,0.0943759,-0.6976639
857,1747638548.85943,0.692266,0.50094384,-0.6258597,-0.14507623,0.23189288,-0.67750597
858,1747638548.873618,0.6419887,0.50679785,-0.6075354,-0.23349637,0.3497864,-0.6048151
859,1747638548.8893764,0.6422326,0.56512445,-0.41889638,-0.075897776,0.40598437,-0.3146627
860,1747638548.8903768,0.6422326,0.56512445,-0.41889638,-0.075897776,0.40598437,-0.3146627
861,1747638548.9043632,0.73373187,0.57564336,-0.41474983,0.20509197,0.32168743,-0.20952061
862,1747638548.9197745,0.9975582,0.5597583,-0.5418914,0.5552602,0.06139015,-0.26816195
863,1747638548.920778,0.9975582,0.5597583,-0.5418914,0.5552602,0.06139015,-0.26816195
864,1747638548.93532,1.1920513,0.4797231,-0.8142548,0.21135315,0.24838577,-0.8320503
865,1747638548.936334,1.1920513,0.4797231,-0.8142548,0.21135315,0.24838577,-0.8320503
866,1747638548.9505177,1.1820507,0.46606377,-0.84648234,0.03000787,0.37116608,-0.9603282
867,1747638548.9660044,1.0258526,0.45017868,-0.78815573,-0.4278985,0.6790331,-1.2407072
868,1747638548.9670625,0.89041775,0.4680151,-0.65561754,-0.6029826,0.7639409,-1.3250041
869,1747638548.98168,0.6890646,0.47582048,-0.4349949,-0.6242095,0.6637619,-1.2236034
870,1747638548.9969285,0.6600385,0.45508754,-0.40548098,-0.5438068,0.595347,-1.009196
871,1747638548.9969285,0.6600385,0.45508754,-0.40548098,-0.5438068,0.595347,-1.009196
872,1747638549.0129268,0.7701059,0.41603038,-0.41865245,-0.5444176,0.70713204,-0.577327
873,1747638549.0282867,0.93947554,0.40724936,-0.43597054,-0.83357745,0.7865422,-0.30733252
874,1747638549.0282867,0.93947554,0.40724936,-0.43597054,-0.83357745,0.7865422,-0.30733252
875,1747638549.0434887,1.0058514,0.42554313,-0.40889582,-1.0366842,0.66864866,-0.43927553
876,1747638549.0583906,0.923621,0.4604537,-0.2868765,-1.2061943,0.43286163,-0.88275063
877,1747638549.0594506,0.923621,0.4604537,-0.2868765,-1.2061943,0.43286163,-0.88275063
878,1747638549.0737028,0.6395495,0.49435812,-0.03524596,-1.0771527,0.61428326,-0.965215
879,1747638549.0885906,0.5863452,0.49948034,0.012805625,-0.5120427,0.6558209,-0.5718294
880,1747638549.0895982,0.5863452,0.49948034,0.012805625,-0.5120427,0.6558209,-0.5718294
881,1747638549.1041412,0.5800034,0.4853332,-0.0015854583,-0.27526304,0.50433075,-0.3378749
882,1747638549.1188784,0.74422026,0.45679495,-0.29541358,-0.060321167,0.054059982,0.035429142
883,1747638549.1199121,0.74422026,0.45679495,-0.29541358,-0.060321167,0.054059982,0.035429142
884,1747638549.1343622,0.7203164,0.53073215,-0.4352388,-0.26968905,0.12682717,-0.10323319
885,1747638549.14965,0.592687,0.64787316,-0.36983865,-0.88710296,0.6949151,-0.30053684
886,1747638549.150723,0.592687,0.64787316,-0.36983865,-0.88710296,0.6949151,-0.30053684
887,1747638549.1651044,0.5702162,0.699614,-0.057716787,-0.98873264,0.7242358,-0.23028941
888,1747638549.1661053,0.5702162,0.699614,-0.057716787,-0.98873264,0.7242358,-0.23028941
889,1747638549.1804993,0.5599717,0.74062246,-0.014269125,-0.8092199,0.58251923,-0.1447708
890,1747638549.1957865,0.5509468,0.7898936,-0.008171208,-0.59679776,0.375442,-0.09162709
891,1747638549.1967895,0.5509468,0.7898936,-0.008171208,-0.59679776,0.375442,-0.09162709
892,1747638549.2114112,0.4806683,0.8953266,-0.22245201,-0.39369106,-0.41201648,-0.029931515
893,1747638549.2266552,0.38889465,0.9084981,-0.3500814,-0.55006796,-0.49753508,-0.023823043
894,1747638549.2277045,0.38889465,0.9084981,-0.3500814,-0.55006796,-0.49753508,-0.023823043
895,1747638549.2419927,0.1006766,0.93974996,-0.34032473,-1.0185878,-0.17561859,0.123391144
896,1747638549.2579942,-0.24220926,1.0517687,-0.3159026,-1.0447779,-0.25136364,0.459968
897,1747638549.2590215,-0.24220926,1.0517687,-0.3159026,-1.0447779,-0.25136364,0.459968
898,1747638549.2732658,-0.39471814,1.1428106,-0.43572664,-0.9755994,-0.4511107,0.7018635
899,1747638549.2893686,-0.6050963,1.2553172,-0.53067124,-0.6734591,-1.0796726,1.0262234
900,1747638549.290369,-0.6050963,1.2553172,-0.53067124,-0.6734591,-1.0796726,1.0262234
901,1747638549.3049552,-0.8545315,1.5449986,-0.80010766,-0.5376219,-2.449192,1.1887088
902,1747638549.3059564,-0.8545315,1.5449986,-0.80010766,-0.5376219,-2.449192,1.1887088
903,1747638549.3160796,-0.8545315,1.5449986,-0.80010766,-1.0846356,-2.2836525,1.2632321
904,1747638549.3273623,-0.8257189,1.6474742,-0.88136244,-1.0846356,-2.2836525,1.2632321
905,1747638549.3382664,-0.7005287,1.6357663,-0.8208406,-1.5420076,-1.7986398,1.2192512
906,1747638549.3470526,-0.6392751,1.4617621,-0.4057249,-2.3426757,0.0045813546,1.0017895
907,1747638549.356648,-0.87867934,1.5359433,0.08116327,-2.032365,0.9869001,0.9009997
908,1747638549.3670309,-0.88185024,1.5486574,0.33642206,-1.3064495,0.7016344,0.9553651
909,1747638549.3771136,-0.7993759,1.5464622,0.41011536,-0.33947837,-0.14324369,0.95719767
910,1747638549.3860626,-0.67830175,1.5352116,0.3676739,-0.33947837,-0.14324369,0.95719767
911,1747638549.3968792,-0.41401803,1.4895991,0.021861032,1.6606647,-1.769319,0.5974086
912,1747638549.408055,-0.34764224,1.470787,-0.21290876,1.923558,-1.9348587,0.38055784
913,1747638549.4173965,-0.34764224,1.470787,-0.21290876,1.923558,-1.9348587,0.38055784
914,1747638549.4269817,-0.31419516,1.4420049,-0.50847477,1.7908515,-1.7290032,0.029931515
915,1747638549.437024,-0.2651374,1.3924593,-0.73275614,0.9297859,-1.0863918,-0.2974826
916,1747638549.4467025,-0.18339485,1.3221809,-0.722969,-0.02351762,-0.45783,-0.6164212
917,1747638549.4570837,-0.14165461,1.2357733,-0.5592399,-0.9282588,-0.00335966,-0.7807391
918,1747638549.4670837,-0.14165461,1.2357733,-0.5592399,-0.9282588,-0.00335966,-0.7807391
919,1747638549.4770536,-0.09674345,1.1523234,-0.28004685,-1.4173948,0.34245625,-0.8949676
920,1747638549.4869757,-0.0123177925,1.0442072,0.15997885,-1.5096326,0.35467318,-1.0788326
921,1747638549.5027223,0.039666947,0.9710018,0.34691048,-0.54197425,0.23616882,-1.2791905
922,1747638549.517989,0.030398116,0.9160901,0.38596764,-0.54197425,0.23616882,-1.2791905
923,1747638549.519065,0.030398116,0.9160901,0.38596764,-0.54197425,0.23616882,-1.2791905
924,1747638549.5326416,-0.1931515,0.79306453,-0.01695221,0.35467318,0.21356747,-1.3024027
925,1747638549.5481565,-0.22537899,0.80041254,-0.1475086,0.7085828,0.4322508,-0.95788485
926,1747638549.5491579,-0.22537899,0.80041254,-0.1475086,0.7085828,0.4322508,-0.95788485
927,1747638549.5642219,-0.2177871,0.81577927,-0.2534294,0.57587624,0.5648047,-0.74286664
928,1747638549.579561,-0.015244792,0.85654384,-0.31712216,0.15530792,0.8048676,-0.46676368
929,1747638549.5805614,-0.015244792,0.85654384,-0.31712216,0.15530792,0.8048676,-0.46676368
930,1747638549.594783,0.13022101,0.90361977,-0.19900551,-0.120107844,0.77921206,-0.64635277
931,1747638549.5958748,0.13022101,0.90361977,-0.19900551,-0.120107844,0.77921206,-0.64635277
932,1747638549.6098557,0.101408355,0.9390182,-0.12482436,-0.06467345,0.7144622,-0.74042326
933,1747638549.6252553,0.034788612,0.9563363,-0.10409144,0.034436513,0.6857524,-0.75508356
934,1747638549.6262574,-0.04036821,0.9724653,-0.11945819,0.14156385,0.6973585,-0.7269846
935,1747638549.6403952,-0.17168686,0.9868564,-0.1738821,0.31977853,0.7865422,-0.5290701
936,1747638549.6554096,-0.21120135,0.9839294,-0.20681085,0.38765895,0.8506812,-0.3023694
937,1747638549.6564407,-0.21120135,0.9839294,-0.20681085,0.38765895,0.8506812,-0.3023694
938,1747638549.6706529,-0.10994543,0.99246645,-0.29248658,0.39575267,0.791429,0.052532863
939,1747638549.686635,0.14631952,1.0129554,-0.41865245,0.013209572,0.959412,0.20096874
940,1747638549.687718,0.14631952,1.0129554,-0.41865245,0.013209572,0.959412,0.20096874
941,1747638549.7018073,0.26150915,1.022956,-0.43889758,-0.29083964,1.1322818,0.1123959
942,1747638549.7170486,0.2915414,1.0239317,-0.37715617,-0.769973,1.267279,-0.19608197
943,1747638549.7181356,0.26541182,1.0241756,-0.2646496,-0.769973,1.267279,-0.19608197
944,1747638549.7325065,0.18586451,1.0161263,-0.14482552,-0.83915144,1.1017394,-0.3305447
945,1747638549.7511425,-0.086498946,0.9758801,-0.027196707,-0.5512897,0.85251373,-0.26144263
946,1747638549.7521834,-0.086498946,0.9758801,-0.027196707,-0.5512897,0.85251373,-0.26144263
947,1747638549.766266,-0.14189851,0.9592633,-0.0015854583,-0.3955236,0.8360208,-0.14538164
948,1747638549.767366,-0.20144469,0.93926215,-0.058692448,-0.19676918,0.7450046,0.054365408
949,1747638549.7816024,-0.05844853,0.9490188,-0.18217526,-0.13568445,0.69613683,0.33779854
950,1747638549.7970185,0.16485718,0.9434087,-0.245868,-0.26968905,0.63383037,0.41659784
951,1747638549.7980235,0.16485718,0.9434087,-0.245868,-0.50020754,0.5886277,0.32130566
952,1747638549.8123248,0.40624323,0.9634099,-0.3132195,-0.7245412,0.62588936,0.19486028
953,1747638549.8283648,0.3764549,1.0161263,-0.15189911,-1.225436,0.49028128,-0.26449686
954,1747638549.829434,0.3764549,1.0161263,-0.15189911,-1.225436,0.49028128,-0.26449686
955,1747638549.8435688,0.3456909,1.017346,-0.11457986,-1.2721658,0.471345,-0.3678064
956,1747638549.85853,0.26321658,0.98344153,0.015519199,-1.1195303,0.4182013,-0.6194755
957,1747638549.8595638,0.26321658,0.98344153,0.015519199,-1.1195303,0.4182013,-0.6194755
958,1747638549.8744924,0.0918956,0.9724653,0.20489,-0.6859051,-0.019241689,-0.7086592
959,1747638549.8896208,0.05552153,0.92779803,0.20025559,0.043751936,-0.46760356,-0.60725856
960,1747638549.890649,0.05552153,0.92779803,0.20025559,0.043751936,-0.46760356,-0.60725856
961,1747638549.9056046,0.053814117,0.91462654,0.1329041,0.41010758,-0.6221479,-0.4594335
962,1747638549.9066334,0.053814117,0.91462654,0.1329041,0.41010758,-0.6221479,-0.4594335
963,1747638549.9205275,0.30081022,0.9207245,-0.077474035,0.6587224,-0.9849912,-0.30420193
964,1747638549.9366262,0.4738386,0.94657964,-0.3761805,-0.03603999,-0.6655181,-0.6194755
965,1747638549.9376268,0.4738386,0.94657964,-0.3761805,-0.03603999,-0.6655181,-0.6194755
966,1747638549.952405,0.41356072,0.9492627,-0.302975,-0.326956,-0.5128063,-0.72759545
967,1747638549.9673054,0.102384016,0.91706574,0.07186395,-0.44721654,-0.6111527,-0.70071816
968,1747638549.9684331,0.102384016,0.91706574,0.07186395,-0.44721654,-0.6111527,-0.70071816
969,1747638549.9825978,0.01820228,0.9187731,0.13558719,-0.1350736,-0.7559235,-0.49730602
970,1747638549.9980245,0.16729634,0.88947266,0.0521067,0.5173113,-0.9153546,-0.11178505
971,1747638549.999126,0.16729634,0.88947266,0.0521067,0.5173113,-0.9153546,-0.11178505
972,1747638550.0133288,0.25711864,0.8665444,-0.043081783,0.75653434,-0.93673426,0.0030542363
973,1747638550.0286984,0.48579055,0.92706627,-0.2710219,0.72538114,-0.7559235,0.06658235
974,1747638550.0297003,0.48579055,0.92706627,-0.2710219,0.72538114,-0.7559235,0.06658235
975,1747638550.043996,0.52850646,0.95511675,-0.32175657,0.54342496,-0.67406994,0.042759307
976,1747638550.0592272,0.60390717,0.96609294,-0.32590318,0.25999185,-0.64780354,-0.043981
977,1747638550.0598116,0.60390717,0.96609294,-0.32590318,0.25999185,-0.64780354,-0.043981
978,1747638550.0745237,0.46944812,0.8994732,-0.18168743,0.20952061,-0.61298525,-0.29687178
979,1747638550.0894797,0.31690875,0.88776517,-0.13238578,0.3515426,-0.44378054,-0.26449686
980,1747638550.0904822,0.31690875,0.88776517,-0.13238578,0.3515426,-0.44378054,-0.26449686
981,1747638550.1049051,0.20001167,0.8748376,-0.12750745,0.6506287,-0.21104772,0.3286358
982,1747638550.1059058,0.10189619,0.8904483,-0.1785165,0.6506287,-0.21104772,0.3286358
983,1747638550.1196446,0.231233,0.87776464,-0.26074693,0.6662053,-0.18600298,0.8325848
984,1747638550.1357,0.5350922,0.81968194,-0.31956133,0.6076403,-0.25380704,1.0243908
985,1747638550.1367006,0.5350922,0.81968194,-0.31956133,0.6076403,-0.25380704,1.0243908
986,1747638550.1516888,0.8603856,0.80138826,-0.33008024,0.48989952,-0.45416492,0.8729007
987,1747638550.16681,0.83062774,0.8660566,-0.3015115,0.54533386,-0.57999945,0.3970507
988,1747638550.1679862,0.83062774,0.8660566,-0.3015115,0.54533386,-0.57999945,0.3970507
989,1747638550.181936,0.690772,0.87630117,-0.33178765,0.54342496,-0.46699274,0.3475721
990,1747638550.1974654,0.4967668,0.888253,-0.36715558,0.3160371,-0.24647687,0.5625903
991,1747638550.1984658,0.4967668,0.888253,-0.36715558,0.3160371,-0.24647687,0.5625903
992,1747638550.2131224,0.52899426,0.8328535,-0.35788673,0.005726693,-0.051005747,0.9071082
993,1747638550.2286038,0.8882226,0.8265117,-0.1516552,-0.17928366,0.05467083,1.0518789
994,1747638550.2296078,0.8882226,0.8265117,-0.1516552,-0.17928366,0.05467083,1.0518789
995,1747638550.2435832,1.0336579,0.81895024,-0.09918261,-0.1163664,-0.06322269,0.84358007
996,1747638550.258858,1.0824717,0.8638614,-0.18485835,0.26678753,0.017409148,0.04214846
997,1747638550.2598336,1.0824717,0.8638614,-0.18485835,0.26678753,0.017409148,0.04214846
998,1747638550.2748094,0.95215917,0.8731302,-0.23391607,0.32535252,0.06994201,-0.22967857
999,1747638550.2898567,0.7576662,0.8487081,-0.27297324,0.30916506,0.15003936,-0.4325562
